电影名称,年份,上映时间,类型,时长,评分,语言,导演,作者,主演,宣传语,简介
蝙蝠侠：骑士陨落,2026,2026-08-25,动画、动作、冒险、剧情,79,92,英语,Jeff Wamester,,安森·蒙特、迈克尔·曼多、巴勃罗·施赖伯、杰夫·本内特、路易斯·贝穆德斯、布鲁斯·博克斯莱特纳、Jessica Camacho、Anthony Crivello、大卫·达斯马齐连,,被称为“贝恩”的神秘巨兽只身突破阿卡姆疯人院，将蝙蝠侠的全部宿敌尽数释放到哥谭街头，整座城市瞬间陷入前所未有的犯罪狂潮。蝙蝠侠为了追捕四散的反派，日夜不休地奔波在哥谭的各个角落，精神与体力都被消耗到极限。而这一切，都是贝恩精心策划的棋局——他在暗处冷眼观察，步步紧逼，用连绵不绝的危机一点点消磨披风斗士的意志，一步步将蝙蝠侠推向身心双重崩溃的临界点。
安昂传奇：最后的气宗,2026,2026-07-24,动画、冒险、奇幻、动作,99,91,英语,劳伦·蒙哥马利,Tim Hedrick、克里斯托弗·L·约斯特,Eric Nam、戴夫·巴蒂斯塔、杰西卡·马滕、Román Zaragoza、史蒂文·元、Dionne Quan、迪·布拉雷·贝克尔、芙蕾达·平托、关继威,The legacy reawakens.,派拉蒙和尼克宣布“降世神通”系列开发三部新的电影，仍是动画形式。第一部由《降世神通：最后的气宗》导演Lauren Montgomery执导，《最后的气宗》主创Bryan Konietzko和Michael DiMartino担任制片人。
奇幻变身大冒险,2026,2026-05-01,冒险、动画、家庭、奇幻,102,89,英语,内森·格雷诺,Christian Magalhaes、约翰·惠廷顿、Robert Snow,迈克尔·B·乔丹、朱诺·坦普尔、特雷西·摩根、塞德里克·凯尔斯、贾斯蒂娜·马查多、内特·托伦斯、Camden Brooks、塔塔·维加、安比卡·茂德,Transform your destiny.,森林中的一个小生物和一只高贵的鸟突然互换了身体，他们不得不结伴而行，共同应对此生最疯狂的冒险。
不期而遇的姐妹,"",2026-03-12,喜剧、爱情,85,88,西班牙语,Ihtzi Hurtado,,安吉丽娅·博耶、Bárbara de Regil、Diego Klein、Lucía Uribe、Isabella Camil、Gabriela Platas、Laura Flores、Elena Pérez、César Rodríguez,,两位女子发现自己被同一个男人欺骗，且两人都被他弄怀孕了。于是她们联手展开报复。
鬼灭之刃：无限城篇 第一章 猗窝座再袭,2025,2025-11-14,动画、动作、奇幻,155,88,日语,外崎春雄,近藤光、吾峠呼世晴,花江夏树、樱井孝宏、石田彰、下野纮、细谷佳正、早见沙织、宫野真守、上田丽奈、中村悠一,It's time to have some fun.,当鬼杀队的成员和柱之人在为即将到来的与鬼的战斗做准备，完成共同的体能训练——柱之训练时，鬼舞辻无惨在产屋敷宅邸出现。由于鬼杀队的主公处于危险之中，炭治郎和柱急忙赶往总部，但却被鸣女推入一个神秘的异空间。炭治郎和鬼杀队的目标是鬼的堡垒——无限城。因此，鬼杀队和鬼之间的最终战斗的战场已经准备就绪。
夜巡毒枭,2026,2026-08-21,犯罪、动作、惊悚,91,88,西班牙语,Chava Cartas,,Alfonso Herrera、诺伊·埃尔南德斯、Hector Kotsifakis、Paola Fernández、Gerardo Trejoluna、Fernando Cuautle、Alejandra Vazquez De Leon、Santiago Colores、Berenice Mastretta,,两位墨西哥员警不幸得罪一名残忍的毒枭后，必须拼命撑过值勤的最后几小时。改编自真实事件。
肖申克的救赎,1994,2026-08-28,剧情、犯罪,142,87,英语,弗兰克·德拉邦特,弗兰克·德拉邦特,蒂姆·罗宾斯、摩根·弗里曼、鲍勃·冈顿、威廉姆·赛德勒、克兰西·布朗、吉尔·贝罗斯、小詹姆斯·艾伦·惠特莫尔、马克·罗斯顿、杰弗里·德蒙,恐惧会将你囚禁，希望则能让你获得自由。,1947年，银行家安迪·杜佛兰因被控杀害妻子及其情人，尽管始终坚称清白，仍被判处两项无期徒刑，送入缅因州的肖申克监狱服刑。在残酷而压抑的监狱生活中，安迪凭借冷静、智慧和始终未曾熄灭的希望逐渐赢得狱友们的尊重，并与能够在狱中弄到各种物品的瑞德建立起深厚的友谊。漫长的岁月里，他始终没有让高墙彻底改变自己，也开始用自己的方式影响身边的人，以及这座看似牢不可破的监狱……
教父,1972,1972-03-24,剧情、犯罪,175,87,英语,弗朗西斯·科波拉,弗朗西斯·科波拉、马里奥·普佐,马龙·白兰度、阿尔·帕西诺、詹姆斯·凯恩、罗伯特·杜瓦尔、理查德·萨尔瓦托雷·卡斯特拉诺、黛安·基顿、塔莉亚·夏尔、詹尼·鲁索、斯特林·海登,一份你无法拒绝的邀约。,40年代的美国，“教父”维托·唐·柯里昂是黑手党柯里昂家族的首领，带领家族从事非法的勾当，但同时他也是许多弱小平民的保护神，深得人们爱戴。因为拒绝了毒枭索洛索的毒品交易要求，柯里昂家族和纽约其他几个黑手党家族的矛盾激化、圣诞前夕，索洛索劫持了“教父”的参谋汤姆，并派人暗杀“教父”；因为内奸的出卖，“教父”的大儿子逊尼被仇家杀害；小儿子麦克也被卷了进来，失去爱妻。黑手党家族之间的矛盾越来越白热化。年老的“教父”面对丧子之痛怎样统领全局？黑手党之间的仇杀如何落幕？谁是家族的内奸？谁又能够成为新一代的“教父”？血雨腥风和温情脉脉，在这部里程碑式的黑帮史诗巨片里真实上演。
挽救计划,2026,2026-03-20,科幻、冒险,156,86,英语,菲尔·洛德、克里斯托弗·米勒,德鲁·高达,瑞恩·高斯林、桑德拉·惠勒、詹姆斯·奥尔蒂斯、莱昂内尔·博伊斯、米拉娜·薇恩翠、肯·兰格、普里亚·坎萨拉、米娅·索特里乌、安内尔·奥拉耶,信念是暗夜唯一的光,太阳正在被“吃”掉，绝望吞噬地球。一名“平凡”的中学教师格雷斯（瑞恩·高斯林 饰）背负全人类的希望，踏上“太空不归路”。末路孤旅中，他意外遇到一位外星萌友，一个同样身陷绝境的外星工程师，这对“宇宙搭子”成了两个文明最后的救命稻草。他们能否在资源紧缺的情况下攻克重重科学谜题，寻回唯一的希望火种？ 影片改编自安迪·威尔的同名畅销科幻小说。
迈克尔·杰克逊：巨星之路,2026,2026-04-24,音乐、剧情,136,86,英语,安东尼·福奎阿,,贾法尔·杰克逊、科尔曼·多明戈、尼娅·朗、Juliano Krue Valdi、凯琳·杜雷尔·琼斯、迈尔斯·特勒、拉伦茨·泰特、劳拉·哈里尔、麦克·梅尔斯,Discover the making of a king.,本片将通过一段从未展现过的深度视角，真实记录传奇巨星迈克尔·杰克逊的复杂人生。影片不仅再现了他最具标志性的艺术表演瞬间，更深入挖掘了他的内心世界——从天才神童的成长阵痛到全球偶像背后的争议与坚韧，全面呈现这位伟大艺术家的辉煌与坎坷。
年轻的心,2024,2024-12-18,剧情、爱情,97,86,荷兰语,安东尼·沙特曼,,卢·古森斯、马里乌斯·德·赛格、基尔特·范·朗拜博格、艾米莉·德·鲁、德克·凡·迪克、朱尔·古森斯、埃兹拉·范·东根、Olivier Englebert、Olga De Saeger,,埃利亚斯是一个十四岁的男孩，在一个小村庄长大，他在这里感到自己像个局外人。在遇到新邻居兼同龄人亚历山大后，埃利亚斯开始面对自己逐渐显露的性意识。
十二怒汉,1957,1957-04-10,剧情,96,86,英语,西德尼·吕美特,雷金纳德·罗斯,马丁·巴尔萨姆、约翰·菲尔德、李·科布、E·G·马歇尔、杰克·克卢格曼、爱德华·宾斯、杰克·沃登、亨利·方达、约瑟夫·斯威尼,命悬其手，死视其意,西德尼·吕美特执导的本片堪称电影史上最颠覆的法庭剧。这部改编自雷金纳德·罗斯电视剧的经典之作，以密室内群像戏的精炼笔法，透视美国司法体系的肌理，张力十足。亨利·方达饰演的异议者，在由白人男性组成的陪审团中孤身抗辩——其余成员皆急于裁定被控弑父的波多黎各少年有罪。故事在一个闷热的午后、一间汗流浃背的房间里层层推进，最终凝聚成一部史诗规模的思辨传奇。吕美特这部震撼人心的导演处女作，精准捕捉了1950年代美国社会变革的前夜，成就了影史不朽的首作丰碑。[标准收藏]
教父2,"",1974-12-20,剧情、犯罪,200,86,英语,弗朗西斯·科波拉,弗朗西斯·科波拉、马里奥·普佐,阿尔·帕西诺、罗伯特·杜瓦尔、黛安·基顿、罗伯特·德尼罗、约翰·卡扎尔、塔莉亚·夏尔、李·斯特拉斯伯格、迈克尔·V·格佐、格瓦斯·杜安·斯普拉德林,柯里昂帝国的兴衰史。,作为《教父》的续篇，影片延续了科莱昂家族两代权力交替的史诗。科波拉在第二部分中讲述了两条故事线：由罗伯特·德尼罗以非凡演技演绎的年轻教父维托的根源与崛起，以及迈克尔（阿尔·帕西诺饰）作为新任教父的上位之路。
辛德勒的名单,1993,2019-04-06,剧情、历史、战争,195,86,英语,史蒂文·斯皮尔伯格,斯蒂文·泽里安,连姆·尼森、本·金斯利、拉尔夫·费因斯、卡罗琳·古道尔、乔纳森·萨加尔、艾伯斯·戴维斯、马尔戈萨·格贝尔、什穆埃尔·利维、马克·伊瓦涅,谁拯救了一条生命，谁就拯救了整个世界。,1939年，纳粹德国入侵波兰。德国商人奥斯卡·辛德勒来到被占领的克拉科夫，利用自己的人脉和金钱开办了一家搪瓷厂，并雇用被迫劳动的犹太人生产军需用品，希望借战争获取财富。随着纳粹对犹太人的迫害不断升级，辛德勒亲眼目睹了克拉科夫犹太区遭到清剿，以及无数普通人被驱逐和杀害。曾经只关心生意与利益的他开始发生改变，并利用自己的工厂、财富以及与纳粹官员之间的关系，尽可能保护身边的犹太工人。在愈发疯狂的屠杀与战争阴影下，一场以生命为代价的救援也由此悄然展开……
我的挚爱杀手,2026,2026-05-06,动作、剧情、爱情,128,86,泰语,Taweewat Wantha,Wattana Weerayawattana,平采娜·乐维瑟派布恩、朋抔·丽拉达纳卡宗、西瓦空·阿杜素提恭、恰约隆·西岚亚堤迪、托尼·拉卡恩、Teerawat Mulvilai、丹楚鹏、Kessarin Ektawatkul、Chanudom Suksathit,"Love, Sacrifice and Vengeance.",年轻女子因拥有罕见血型而遭人追捕，自小被杀手家族扶养长大。当复仇心切的敌人为了她的血再度现身，她决心与挚爱并肩作战，为自由奋战到底。
电锯人剧场版：蕾塞篇,2025,2025-09-19,动画、动作、爱情、奇幻,100,85,日语,吉原达矢,濑古浩司,户谷菊之介、井泽诗织、楠木灯、上田丽奈、坂田将吾、菲鲁兹·蓝、高桥花林、花江夏树、内田夕夜,活出你的人生本色……并让它精彩纷呈。,故事延续TV动画的最终章，讲述男主角电次在偶然邂逅的神秘少女蕾塞的庇护下，在快节奏的战斗中，奔向难以预测的命运。  电次，一个少年，与“电锯恶魔”签订契约，化身“电锯人”，成为隶属于公安部魔物对策特别课四课的魔物猎人，与魔物战斗。正兴奋地等待着与心仪的女性、公安部上司玛奇玛约会，却遭遇突如其来的暴雨，不得不在雨中避雨。在避雨的过程中，他邂逅了名为蕾塞的少女。在附近咖啡馆工作的蕾塞对电次露出了和善的笑容，两人迅速成为了好朋友。这次邂逅标志着电次的日常生活发生了重大改变。
蝙蝠侠：黑暗骑士,2008,2018-04-07,动作、惊悚、犯罪,152,85,英语,克里斯托弗·诺兰,克里斯托弗·诺兰、乔纳森·诺兰,克里斯蒂安·贝尔、希斯·莱杰、艾伦·艾克哈特、迈克尔·凯恩、玛吉·吉伦哈尔、加里·奥德曼、摩根·弗里曼、莫妮克·加布里埃拉·库尔内、罗恩·迪恩,黎明前的夜是最黑暗的！,在蝙蝠侠、警官詹姆斯·戈登和地方检察官哈维·丹特的共同努力下，哥谭市的犯罪势力受到前所未有的打击。然而，自称“小丑”的神秘罪犯突然出现，以毫无规则的暴力和精心策划的犯罪不断挑战城市秩序，也将蝙蝠侠、戈登和丹特一步步逼入道德与人性的困境。面对一个无法用常规逻辑理解的敌人，蝙蝠侠必须在守护哥谭与坚守自身原则之间作出艰难选择……
千与千寻,2001,2019-06-21,动画、家庭、奇幻,125,85,日语,宫崎骏,宫崎骏,柊瑠美、入野自由、夏木真理、内藤刚志、泽口靖子、我修院达也、神木隆之介、玉井夕海、大泉洋,隧道的另一头，是不可思议的小镇。,10岁的千寻跟随父母搬家途中，意外穿过一条神秘隧道，闯入了一个属于神灵的奇异世界。父母因为擅自吃下供奉给神灵的食物而被变成猪，惊慌失措的千寻则在神秘少年白龙的帮助下得以留下。为了在这个世界生存并寻找救回父母的方法，她不得不到汤婆婆掌管的“油屋”浴场工作。在形形色色的神灵与不可思议的遭遇中，原本胆小任性的千寻开始学会独自面对困难，而她也必须找到离开这里、带父母重返人类世界的方法……
指环王3：王者无敌,2003,2004-03-15,冒险、奇幻、动作,263,85,英语,彼得·杰克逊,彼得·杰克逊、菲利帕·博因斯、弗兰·威尔士,伊利亚·伍德、伊恩·麦克莱恩、维果·莫特森、西恩·奥斯汀、安迪·瑟金斯、多米尼克·莫纳汉、比利·博伊德、约翰·诺伯、大卫·文翰,敌人的邪眼在移动！,索伦大军为剿灭人类种族，已对刚铎都城米那斯提力斯展开围攻。这座昔日的伟大王国由一位日渐衰弱的摄政王守护，此刻比任何时候都更需要它的王者归来。但阿拉贡能否回应血脉的召唤，成为命定之君？中土世界的命运，正系于他宽阔的双肩。
绿里奇迹,1999,1999-12-10,奇幻、剧情、犯罪,189,85,英语,弗兰克·德拉邦特,,汤姆·汉克斯、大卫·摩斯、邦妮·亨特、迈克尔·克拉克·邓肯、詹姆斯·克伦威尔、迈克尔·杰特、格雷厄姆·格林、道格·休切逊、山姆·洛克威尔,保罗·埃奇康姆从不相信奇迹。直到他遇见奇迹的那一天。,1935年。美国南部惨淡肃杀的冷山监狱。这里有片一英里长的绿地，人们叫它“绿里”。不过，它的居民皆为死囚，在绿地的另一头，便是行刑用的电椅。保罗·艾治科姆（汤姆·汉 克斯饰）是这里的狱监，对于走过“绿里”、继而在电椅上惨叫毙命的死囚行刑程序，他俨然已无动于衷。除了保罗及其爱妻简外，“绿里”上还有凶残的副狱监豪威尔，有施虐倾向 的狱吏佩西，良心未泯的看守海尔和他身患绝症的妻子美琳达，喜用宠物鼠逗狱吏和诸“难友”取乐的德拉克，连环杀人狂威廉，负疚深重的犯人彼特等一干形形色色的人们。他们之 间充满了敌意和不屑。但神秘的约翰·考夫利的到来改变了一切。考夫利因谋杀两名幼女被 判死罪，他相貌恐怖，体形硕大，却出奇地平和、敏感而缄默，天真时甚至像个孩子，同时， 他似乎还具有一种不可名状的神秘力量，令人不由自主地对其产生信任感，这不禁让艾治科姆对其罪行是否属实深怀疑问。 真情无法取代程式，考夫利终要走过“绿里”。在这个貌似粗鲁的男人即将赴死的刹那，“绿里”上的人们以不同以往的形式实现了各自生命的重要跨越。
寄生虫,2019,2019-07-28,喜剧、惊悚、剧情,132,85,朝鲜语,奉俊昊,奉俊昊、韩进元,宋康昊、李善均、曹汝贞、崔宇植、朴素丹、李姃垠、张慧珍、朴明勋、郑知晓,表现得好像这个地方是你的似的。,金基泽一家四口挤在首尔一间狭小的半地下室里，没有稳定工作，只能靠零散的活计勉强维持生活。一天，儿子基宇经朋友介绍，得到前往富裕的朴社长家担任英语家教的机会。进入这个与自己生活截然不同的家庭后，基宇发现了新的机会，并设法将妹妹基婷包装成艺术老师介绍给朴家。随后，一家人通过精心设计，让父亲和母亲也先后进入朴家工作，而朴家始终不知道这四名新雇员其实来自同一个家庭。就在金家逐渐适应这份来之不易的优渥生活时，一个隐藏在朴家豪宅中的秘密突然出现，两个家庭之间看似稳定的关系也开始走向无法预料的方向……
星际穿越,2014,2014-11-12,冒险、剧情、科幻,169,85,英语,克里斯托弗·诺兰,,马修·麦康纳、安妮·海瑟薇、迈克尔·凯恩、杰西卡·查斯坦、卡西·阿弗莱克、韦斯·本特利、托弗·戈瑞斯、麦肯基·弗依、艾伦·伯斯汀,人类生于地球，却注定不应死于此处。,近未来，地球环境持续恶化，枯萎病和沙尘暴让越来越多农作物消失，人类的生存前景也变得岌岌可危。曾为NASA飞行员的库珀如今与家人在农场生活，一次偶然发现的异常重力现象，却将他和女儿墨菲引向一个仍在秘密运作的NASA基地。布兰德教授告诉他，多年前土星附近出现了一处神秘虫洞，人类已经通过它寻找太阳系之外可能适合居住的新世界。为了给地球上的人类寻找延续文明的希望，库珀决定告别家人，与艾米莉亚·布兰德等人踏上一场穿越虫洞、前往遥远星系的探索之旅。然而在浩瀚宇宙中，距离与时间都将成为他们从未真正面对过的考验……
你的名字。,2016,2016-12-02,动画、爱情、剧情,106,85,日语,新海诚,新海诚,神木隆之介、上白石萌音、成田凌、悠木碧、岛崎信长、石川界人、谷花音、寺杣昌纪、大原沙耶香,我正在寻觅未曾相识的你。,生活在深山小镇的高中女生宫水三叶一直向往着东京的生活，而住在东京的高中男生立花泷也过着属于自己的忙碌日常。某天，两人开始在梦中交换身体，以彼此的身份体验完全不同的人生。最初的困惑与争执过后，他们逐渐学会通过留言了解对方，并在一次次交换中建立起特殊的羁绊。然而就在两人越来越在意彼此时，身体交换却突然停止。为了找到那个从未真正见过、却早已深深影响自己的人，泷开始循着记忆中的线索寻找三叶，而隐藏在这场奇妙相遇背后的秘密也逐渐浮出水面……
低俗小说,1994,2024-04-18,惊悚、犯罪、喜剧,154,85,英语,昆汀·塔伦蒂诺,,约翰·特拉沃尔塔、塞缪尔·杰克逊、乌玛·瑟曼、布鲁斯·威利斯、文·瑞姆斯、哈维·凯特尔、艾瑞克·斯托罗兹、蒂姆·罗斯、阿曼达·普拉莫,仅仅因为你是一个角色并不意味着你有角色。,由序幕、尾声及三个独立又环环相扣的故事构成。早餐店两名劫匪打劫时，偶遇黑道打手朱尔斯与文森特；文森特奉命陪伴老大马沙的妻子，深陷诱惑困境；拳击手布奇因祖传金表，和马沙结下恩怨。
黄金三镖客,1966,2018-04-16,西部,161,85,意大利语,赛尔乔·莱昂内,赛尔乔·莱昂内、卢西亚诺·文森佐尼、艾根诺尔·因克鲁西、富里奥·斯卡佩利,克林特·伊斯特伍德、埃里·瓦拉赫、李·范·克里夫、阿尔多·久弗瑞、路易吉·皮斯蒂利、拉达·拉西莫夫、恩佐·佩蒂托、克劳迪奥·斯卡奇利、安东尼奥·卡萨莱,对这三人来说内战不是地狱，是天堂。,对三个男人而言，内战并非地狱……而只是热身！克林特·伊斯特伍德再度化身“无名客”，此番联手两名枪手，共同追寻一批价值20万美元的黄金，决不让任何人阻挡——哪怕是内战中的交战派系。
切腹,1962,1962-09-15,动作、剧情、历史,135,85,日语,小林正树,桥本忍,仲代达矢、石滨朗、岩下志麻、丹波哲郎、三岛雅夫、中谷一郎、佐藤庆、稻叶义男、井川比佐志,男人的尊严，男人的挣扎。,家族没落后，失业武士仲代达矢来到井伊藩主的宅邸，请求允许他在此切腹自尽。藩主家臣认定这名走投无路的浪人只是想讨份差事，遂逼迫他当场切腹——却低估了他坚守的信念与对尊严的执着。本片由小林正树执导，荣获戛纳电影节评委会特别奖，以凌厉笔触刻画了个体在腐朽伪善体制下的抗争。
阿甘正传,1994,2020-08-25,喜剧、剧情、爱情,142,85,英语,罗伯特·泽米吉斯,埃里克·罗思,汤姆·汉克斯、罗宾·怀特、加里·西尼斯、莎莉·菲尔德、麦凯尔泰·威廉逊、迈克尔·康纳·汉弗莱斯、汉娜·豪尔、海利·乔·奥斯蒙、西奥本·法隆·霍根,人生就像一盒巧克力，你永远不知道下一块会是什么味道,阿甘出生在美国南方阿拉巴马州一个闭塞的小镇，智商只有75，然而他的妈妈是一位性格坚强的女性，她常常鼓励阿甘要自强不息。阿甘像普通孩子一样上学，并认识了一生的朋友和挚爱珍妮。在珍妮和妈妈的爱护下，阿甘凭着自己出众的奔跑能力，开始了一生不停的奔跑。他先后成为橄榄球明星、越战英雄、乒乓球外交使者和亿万富翁，但始终忘不了珍妮。一次次匆匆的相聚与离别，更加深了阿甘对她的思念。有一天，阿甘收到珍妮的来信，他们终于又要见面……
七武士,1954,1954-04-26,动作、剧情,207,85,日语,黑泽明,黑泽明、桥本忍、小国英雄,三船敏郎、志村乔、稻叶义男、宫口精二、千秋实、加东大介、木村功、津岛惠子、岛崎由纪子,在悬念和场面方面无与伦比！,这部影史最具震撼力的史诗巨制，讲述十六世纪某村庄的绝望村民雇佣七位武士抵御山贼侵袭的故事。黑泽明历时三个多小时的银幕征程，通过传奇演员三船敏郎与志村乔的演绎，将哲学沉思与娱乐观赏、细腻人情与激烈战斗完美交融，铸就这部关于勇气与希望的丰碑之作——其故事之丰饶、意境之深远，令人过目难忘。[标准收藏]
Selena Gomez: My Mind & Me,2022,2022-11-02,纪录、音乐,95,85,英语,阿莱克·凯西西恩,,赛琳娜·戈麦斯、Raquelle Stevens、Ashley Cook、Liana Blackburn、Brent L. Boxberger、Devyck Bull、Mia Campagna、Rodney Chonia、Samantha Coatsworth,"Every breath, a breakthrough.",在聚光灯下多年之后，赛琳娜·戈麦斯获得了难以想象的明星地位。但就在她到达一个新的高峰时，一个意外的转折把她拉进了黑暗。这部独特的、亲密的纪录片跨越了她六年的旅程，展现了她新的光芒。
萤火虫之墓,1988,1988-04-16,动画、剧情、战争,89,85,日语,高畑勋,高畑勋,辰巳努、白石绫乃、志乃原良子、山口明美、酒井雅代、Kozo Hashida、Kazumi Nozaki、松冈与志雄、Masahiro Kanetake,为何萤火虫的生命如此短暂？,1945年，第二次世界大战接近尾声，日本神户在空袭中化为一片火海。14岁的清太带着4岁的妹妹节子逃过轰炸，却在灾难中失去了母亲，而在海军服役的父亲也远在战场。无家可归的兄妹只得寄住在亲戚家中，但随着战争持续、物资愈发匮乏，寄人篱下的生活也变得越来越艰难。最终，清太带着节子离开亲戚家，住进一处废弃的防空洞，试图只依靠彼此活下去。在被战争摧毁的日常中，微弱的萤火与短暂的欢笑，也成为兄妹俩所能拥有的少数温暖……
好家伙,1990,1990-09-19,剧情、犯罪,145,85,英语,马丁·斯科塞斯,马丁·斯科塞斯、尼古拉斯·皮莱吉,罗伯特·德尼罗、雷·利奥塔、乔·佩西、洛林·布拉科、保罗·索维诺、弗兰克·西维罗、托尼·达罗、迈克·斯塔尔、弗兰克·文森特,在黑手党中度过的三十年人生。,本片根据真实故事改编，讲述了纽约黑手党血腥的江湖恩怨，把所谓的“江湖道义”还原为人性的丑陋与贪婪。
要不要做我儿子？,2023,2023-09-21,喜剧、爱情,140,84,英语,Ihtzi Hurtado,,Ludwika Paleta、Juanpa Zurita、埃尔南·门多萨、Harold Azuara、Agustín Arana、Yuriria del Valle、Karla Rico、Jorge Gidi、Isabel Gonzalez,,四十岁的卢发现相伴十五年的伴侣出轨，生活瞬间崩塌。她在重建自我的过程中，与一位年轻放浪的男子产生了出乎意料的关系。
指环王1：护戒使者,2001,2002-04-04,冒险、奇幻、动作,228,84,英语,彼得·杰克逊,彼得·杰克逊、弗兰·威尔士、菲利帕·博因斯,伊利亚·伍德、伊恩·麦克莱恩、维果·莫特森、西恩·奥斯汀、伊恩·霍姆、丽芙·泰勒、克里斯托弗·李、肖恩·宾、比利·博伊德,至尊戒，驭众戒！,J.R.R.托尔金的文学巨著首次以电影形式磅礴呈现——这是一场正义对抗邪恶的史诗冒险，一段关于友谊力量与个人勇气的传奇，更是一次为人类纪元开辟道路的英雄征程。
妙不可言,2021,2021-06-17,家庭、剧情,88,84,西班牙语,Ernesto Contreras,Estéfani Enríquez Soto,Nora Velázquez、Benny Emmanuel、Luisa Huertas、Salvador Garcini、Andrés Delgado、Gabriela Cartol、Juan Carlos Medellin、Ari Gallegos、Pablo Marín,There are encounters that change your life,生活是如此奇妙且难以预测，有时会在最不经意的地方发现幸福：一位七旬老妪和她的少年邻居之间产生了深厚的友谊。
搏击俱乐部,1999,1999-10-15,剧情、惊悚,139,84,英语,大卫·芬奇,吉姆·乌尔斯,爱德华·诺顿、布拉德·皮特、海伦娜·伯翰·卡特、密特·劳弗、杰瑞德·莱托、扎克·格雷尼尔、霍特·麦克卡兰尼、伊恩·贝利、里士满·阿奎特,搏击俱乐部的第一条规则是你不要谈论搏击俱乐部,杰克( 爱德华·诺顿 Edward Norton 饰)是一个充满中年危机意识的人，他非常憎恨自己的生活及一切，再加上他患有严重的失眠症，所以他常常参加各种团体咨询会，只为了能接触人群。在某一个团体咨询会上，杰克遇上了一个跟他同样理由来参加的女烟枪，玛拉(海伦娜·邦汉·卡特 Helena Bonham Carter  饰)，在莫名激素的影响下，杰克和玛拉一起逃离了咨询会，两人的情愫因而滋生…  一个偶然的机会，杰克遇到了卖肥皂的商人泰勒(布拉德·皮特 Brad Pitt 饰)，一个浑身充满叛逆、残酷和暴烈的痞子英雄，并因为自己公寓失火而住进了泰勒破旧不堪的家中。两人因缘际会地成为了好朋友，并创立了“搏击俱乐部”：一个让人们不戴护具而徒手搏击，宗旨在于发泄情绪的地下组织。
美丽人生,1997,1997-12-20,喜剧、剧情,116,84,意大利语,罗伯托·贝尼尼,罗伯托·贝尼尼、文森佐·塞拉米,罗伯托·贝尼尼、尼可莱塔·布拉斯基、乔治·坎塔里尼、朱斯蒂诺·杜拉诺、赛尔乔·比尼·布斯特里克、玛丽萨·帕雷德斯、豪斯特·巴奇霍兹、莉迪亚·阿方西、朱利亚娜·洛约迪切,最美丽的谎言。,1939年的意大利，乐观幽默的犹太青年圭多邂逅了女教师多拉。经过一连串阴差阳错，两人相爱成家，并有了儿子乔舒亚。然而随着战争的阴影逼近，圭多和儿子因犹太身份被强行送往集中营，没有犹太血统的多拉也毅然选择同行。为了保护年幼的乔舒亚免受残酷现实的伤害，圭多把集中营里的生活编成一场游戏，并告诉他获胜的奖品是一辆真正的坦克。在恐惧与苦难之中，圭多用幽默、想象和父爱守护着儿子的童真，也始终怀抱着一家人再次团聚的希望……
大卫·爱登堡：地球上的一段生命旅程,2020,2020-09-28,纪录、剧情,83,84,英语,Jonathan Hughes、艾雷斯泰·法瑟吉尔、Keith Scholey,,大卫·爱登堡、Max Hughes,,大卫·爱登堡讲述了他的一生以及地球上生命的进化史，以此来哀悼自然栖息地的消失，并表达了对未来的愿景。
每个人的每件事,2019,2019-03-10,纪录,116,84,英语,Sebastian Jones、Ramez Silyan,,Lil Peep、Lil Tracy、GHOSTEMANE、Killstation、Bexey、Juicy J、波兹·马龙、Liza Womack、John Womack Jr.,,从 Lil Peep卧室录制歌曲到全球巡回演出，以及他留下的巨大影响。
人类,"",2015-09-12,纪录,191,84,法语,亚恩·阿蒂斯－贝特朗,,,,"每个人背后都有一个足以撼动心灵的故事。法国知名的摄影师Yann Arthus-Bertrand就用了3年的时间，走访全球60个国家，让2,020位不同肤色、种族、性别的人，在镜头前诉说自己的故事。由乌克兰的自由战士、马里的农民，到美国的死囚，各人的故事集结成一部纪录片《人类》。纪录片中，受访者只站在纯黑色的背景中细诉自己的故事，没有花巧的剪接，甚至不多赘述受访者的身份。每个人自身的经历，足以为观众带来震撼。"
天堂电影院,1988,2019-06-15,剧情、爱情,124,84,意大利语,朱塞佩·托纳多雷、阿格妮丝·那诺,朱塞佩·托纳多雷,菲利浦·诺瓦雷、雅克·贝汉、马可·莱昂纳迪、萨瓦特利·卡西欧、阿格妮丝·那诺、安东内拉·阿蒂利、普佩拉·玛奇奥、布丽吉特·佛西、恩佐·卡拉瓦勒,青春、友谊与电影永恒魅力的颂扬。,意大利南部的小镇上，男孩多多从小便痴迷电影，总爱跑到“天堂电影院”观看放映，并因此结识了放映师艾佛特。一个古灵精怪，一个嘴硬心软，两人在一卷卷胶片和无数银幕故事中逐渐成为忘年之交，电影院也成了多多童年最重要的地方。一次意外改变了两人的生活，多多开始更加深入地走进电影的世界。随着年岁增长，他经历了青春、初恋与离别，也逐渐发现小镇之外还有更广阔的人生。在艾佛特的陪伴与指引下，多多不得不面对一个重要的选择：是留在熟悉的故乡，还是离开这里，去寻找真正属于自己的未来……
指环王2：双塔奇兵,2002,2003-04-25,冒险、奇幻、动作,235,84,英语,彼得·杰克逊,彼得·杰克逊、菲利帕·博因斯、弗兰·威尔士、斯蒂芬·辛克莱,伊利亚·伍德、伊恩·麦克莱恩、维果·莫特森、西恩·奥斯汀、安迪·瑟金斯、约翰·里斯-戴维斯、奥兰多·布鲁姆、伯纳德·希尔、米兰达·奥托,一股新力量正在崛起！,在J.R.R.托尔金史诗三部曲的第二篇章中，护戒同盟队面对难以想象的敌军与诡谲阴谋，同时见证了远古奇迹与同胞未觉醒的力量。
上帝之城,2002,2015-04-18,剧情、犯罪,129,84,葡萄牙语,费尔南多·梅里尔斯,布劳利奥·曼托瓦尼,亚历桑德雷·罗德里格斯、莱安德鲁·菲尔米诺、菲利佩·哈根森、道格拉斯·席尔瓦、乔纳森·哈根森、马修斯·纳克加勒、塞乌·乔奇、Jefechander Suplino、艾莉丝·布拉加,你若逃跑，野兽会抓住你；你若停留，野兽会吞噬你。,巴西里约热内卢的贫民窟，这里是“上帝之城”，更是魔鬼也会叹息着转身的地方。
蛊惑兄弟,2000,2000-09-15,喜剧、剧情、奇幻、爱情,104,84,葡萄牙语,Guel Arraes,,马修斯·纳克加勒、赛尔顿·梅罗、费尔兰德·蒙特纳哥、罗杰里奥·卡尔多索、Denise Fraga、Diogo Vilela、Luís Melo、Virginia Cavendish、Bruno Garcia,Lying with faith is not always a sin.,智高和杰克，一对患难穷兄弟，四出寻找工作，最终在面包店找到差事。但店主极为刻薄，兄弟俩的食物比狗还要差。阴差阳错，他们弄死了店主的狗，更要哄骗神父替小狗祈福，闹出笑话连篇。及后智高暗恋大财主之女路仙霞。但智高过于害羞，久久未能成事；杰克唯有替智高制造机会。一日，镇里来了一班悍匪，洗劫村民之余，更进行杀戮游戏……
惊魂记,1960,1960-06-22,恐怖、惊悚、悬疑,109,84,英语,阿尔弗雷德·希区柯克,约瑟夫·斯蒂凡诺,安东尼·帕金斯、珍妮特·利、薇拉·迈尔斯、约翰·加文、马丁·巴尔萨姆、约翰·麦金太尔、西蒙·奥克兰、弗兰克·艾伯森、帕特里夏·希区柯克,一种全新的、截然不同的银幕刺激！,凤凰城一女秘书卷走客户四万美元公款，仓皇出逃途中入住一家偏僻汽车旅馆。旅馆经营者诺曼·贝茨是位受其母亲支配的年轻人。
罗小黑战记,2019,2019-08-27,动画、奇幻、动作、冒险,102,84,汉语,MTJJ,,山新、刘明月、郝祥海、叮当、曹云图、冯盛、陈思宇,有你的地方 就是家,在熙攘的人类世界里，许多妖精隐匿其中，与人类相安无事地生活着。猫妖罗小黑因为家园遭到破坏，被迫开始流浪。在旅途中，他先后遇到妖精同类与人类伙伴，并逐渐卷入人类与妖精之间的纷争。面对截然不同的立场与选择，小黑也开始寻找真正属于自己的归宿……
露西·希姆斯和和平王子,2020,2020-10-19,剧情、家庭,87,84,英语,Rob Diamond,,Scarlett Diamond、Vincent Vargas、Adam Hightower、Shawn Stevens、Florencia Contreras Stevens、Tara Barrett、Aaron J. Owen、April Dean West、Rachel Olvera,,假日季节，一位天使帮助一个冷酷的罪犯和一个早熟的小女孩相遇，并改变了他们的内心，从而给予他们第二次机会。
飞越疯人院,1975,2026-04-16,剧情,135,84,英语,米洛斯·福尔曼,博·戈德曼、劳伦斯·豪本,杰克·尼科尔森、布拉德·道里夫、路易丝·弗莱彻、丹尼·德维托、威廉·雷德菲尔德、斯加特曼·克罗索斯、克里斯托弗·劳埃德、威尔·桑普森、迪恩·R·布鲁克斯,如果他疯了，那你怎么了？,在州立精神病院里休养总比蹲监狱强，对吧？兰德尔·P·麦克墨菲（杰克·尼科尔森 饰），一个血管里流淌着闪电、舌绽莲花的自由派骗子，装疯混进了他所谓的“疯子们”中间。很快，他那极具感染力的无序感便与麻木的例行程序发生冲撞。当世界大赛正酣时，这群被镇静剂泡透的家伙怎能披着浴袍拖沓度日？这意味着战争！一方是麦克墨菲，另一方则是轻声细语的拉契特护士（路易丝·弗莱彻 饰）——这位影史上最冷酷可怕的恶魔之一。而赌注，是整个病房每位患者的命运。
幸运有八只触手,2026,2026-05-08,剧情、悬疑,111,84,英语,奥利维亚·纽曼,奥利维亚·纽曼、约翰·惠廷顿,莎莉·菲尔德、刘易斯·普尔曼、科尔姆·米尼科曼、阿尔弗雷德·莫里纳、陈冲、凯西·贝克、贝丝·格兰特、索菲亚·布莱克·德埃利亚、Brandon McEwan,Brighter together.,一名寡妇在小镇水族馆值夜班，与一只聪明的章鱼及一个迷茫的年轻人培养出独特情谊。
保护者,2026,2026-03-06,动作、惊悚,92,84,英语,阿德里安·格鲁伯格,,米拉·乔沃维奇、马修·莫迪恩、伊莎贝尔·迈尔斯、D·B·斯威尼、唐·哈维、迈克尔·斯塔尔-大卫、莉迪亚·赫尔、Chase Kim、布鲁克林·苏丹诺,Never get between a mother and her child.,退役军人尼基与女儿克洛伊平静生活，却在废弃工厂醒来后发现女儿遭绑架，她必须重返黑暗世界，对抗人贩子、警察与军方，在72小时黄金救援期内救回女儿。
蜘蛛侠：平行宇宙,2018,2018-12-21,动画、动作、冒险、科幻,116,84,英语,罗德尼·罗斯曼、彼得·拉姆齐、鲍勃·佩尔西凯蒂,罗德尼·罗斯曼、菲尔·洛德,沙梅克·摩尔、杰克·约翰逊、海莉·斯坦菲尔德、马赫沙拉·阿里、布莱恩·泰里·亨利、莉莉·汤姆林、劳伦·贝莱斯、佐伊·克拉维茨、约翰·穆拉尼,任何人都可以成为英雄。,布鲁克林少年迈尔斯·莫拉莱斯一直在努力适应新的学校和家庭期待，一次意外却让他被一只神秘蜘蛛咬伤，并逐渐获得了与蜘蛛侠相似的能力。与此同时，犯罪头目金并秘密启动了一台能够打开平行宇宙的时空对撞机，导致不同世界之间的界限开始崩塌。来自另一个宇宙的彼得·帕克因此出现在迈尔斯面前，随后更多拥有不同身份与能力的蜘蛛侠也接连来到这个世界。面对越来越失控的危机，尚未真正掌握力量的迈尔斯不得不和这些陌生的蜘蛛侠并肩行动，并寻找属于自己的英雄之路……
素媛,2013,2013-10-02,剧情,122,84,朝鲜语,李濬益,,薛景求、严志媛、李蕊、金相浩、金海淑、罗美兰、权泰元、姜信哲、徐现宇,在最痛的地方，开出最美的花,素媛是一个生活在普通家庭里的小女孩，每天在父母的疼爱中平静成长。一个下着雨的早晨，她独自上学途中遭到陌生男子性侵，原本无忧无虑的生活从此被彻底改变。严重的身体伤害和心理创伤让素媛变得恐惧而敏感，甚至一度无法接受父亲的靠近，而突如其来的打击也让整个家庭陷入痛苦。面对女儿难以言说的伤痕，父母和身边的人小心翼翼地陪伴着她，用各自的方式重新给予她安全与温暖。在漫长的伤痛之后，这个家庭也开始努力寻找重新生活下去的希望……
声之形,2016,2017-09-08,动画、剧情、爱情,130,84,日语,山田尚子,吉田玲子,入野自由、早见沙织、悠木碧、小野贤章、金子有希、石川由依、潘惠美、丰永利行、松冈茉优,有时答案就是学会倾听，如此简单。,西宫硝子（早见沙织 配音）生来患有听觉障碍，要依靠助听器和外界交流，口语发音也因此格外的古怪。小学时，硝子转入了一所新的学校，特殊的生理缺陷让她成为了班上引人注目的独特存在，她因此收获了坚实的友情，却也遭到了以男生石田将也（入野自由 配音）为首的小团体的孤立和排挤。随着时 间的推移，无心或有意的恶作剧渐渐升级，最终演变成为了无法挽回的伤害，硝子永远的消失在了众人的眼前。排挤硝子的事情曝光后，将也成为了下一个被欺负的对象，孤独痛苦的他终于理解了硝子的隐忍和温柔，只是他再也没有机会跟硝子道歉了。一次偶然中，将也同硝子重逢了，命运的齿轮重新开始了转动。
星球大战5：帝国反击战,1980,1980-05-21,冒险、动作、科幻,124,84,英语,厄文·克什纳,劳伦斯·卡斯丹、利·布拉克特,马克·哈米尔、哈里森·福特、凯丽·费雪、比利·迪·威廉姆斯、安东尼·丹尼尔斯、大卫·鲍罗斯、彼得·梅休、肯尼·贝克、弗兰克·奥兹,冒险在继续……,星球大战事件三年后，帝国军队继续追捕义军。义军在霍斯冰原星球战败后，卢克前往达戈巴星球，跟随自共和国覆灭后隐居的绝地大师尤达进行训练。为诱使卢克堕入黑暗面，达斯·维达将年轻的天行者引入贝斯平云城的陷阱。在与西斯尊主的激烈光剑对决中，卢克面对一个惊人的真相。[20世纪福克斯]
哈尔的移动城堡,2004,2004-04-24,奇幻、动画、冒险,119,84,日语,宫崎骏,宫崎骏,倍赏千惠子、木村拓哉、美轮明宏、我修院达也、神木隆之介、伊崎充则、大泉洋、大冢明夫、原田大二郎,带着心爱的人在天空飞翔。,18岁少女苏菲在街上遇到神秘青年霍尔，霍尔忽然抱起苏菲一同飞上天空，苏菲的心从此深深地被霍尔吸引。然而那天晚上，苏菲被名叫荒地魔女的女巫施了魔法，外表变成了90岁的老婆婆。心灰意冷的苏菲只好整理行李，远离人群，前往霍尔在荒郊野外的城堡……
七宗罪,1995,1995-09-22,犯罪、悬疑、惊悚,127,84,英语,大卫·芬奇,,摩根·弗里曼、布拉德·皮特、格温妮斯·帕特洛、约翰·卡西尼、彼得·克朗比、雷格·E·凯蒂、罗纳德·李·埃尔梅、丹尼尔·萨卡帕、安德鲁·凯文·沃克,每一桩命案，都对应一种原罪。,“暴食”、“贪婪”、“懒惰”、“嫉妒”、“骄傲”、“淫欲”、“愤怒”，这是天主教教义所指的人性七宗罪。城市中发生的连坏杀人案，死者恰好都是犯有这些教义的人。凶手故弄玄虚的作案手法，令资深冷静的警员沙摩塞（摩根•弗里曼 Morgan Freeman 饰）和血气方刚的新扎警员米尔斯（布拉德•皮特 Brad Pitt 饰）都陷入了破案的谜团中。他们去图书馆研读但丁的《神曲》，企图从人间地狱的描绘中找到线索，最后从宗教文学哲学的世界中找到了凶手作案计划和手段的蛛丝马迹。凶手前来投案自首，这令众人都松了一口气，以为案件就此结束，怎料还是逃不出七宗罪的杀人逻辑，这次凶手瞄准的目标，是那个犯了“愤怒”罪的人……
加百列的地狱,2020,2020-05-29,爱情、剧情,122,84,英语,托斯卡·马斯克,Mary Pocrnic,Melanie Zanetti、吉欧里奥·贝鲁蒂、库尔特·麦金尼、Agnes Albright、Margaux Brooke、Ned Van Zandt、Vanessa Kai、Zach Holden,,一个迷人的探索诱惑，禁止的爱，和救赎，一个迷人和激情的故事，一个人从他自己的地狱，因为他试图赢得不可能的宽恕和爱。
天国与地狱,1963,1963-03-01,剧情、犯罪、惊悚、悬疑,142,84,日语,黑泽明、田崎润,黑泽明、永井英次郎、小国英雄、菊岛隆三,三船敏郎、仲代达矢、香川京子、三桥达也、木村功、石山健二郎、加藤武、志村乔、田崎润,剧情紧张激烈，几乎令人难以置信！,在黑泽明这部极具影响力的家庭伦理剧与刑侦叙事杰作中，三船敏郎饰演的富商权藤金吾令人过目难忘——其家人沦为冷血绑匪的勒索目标。改编自艾德·麦可班恩侦探小说《国王的赎金》的本片，游刃有余地从分秒必争的惊悚剧过渡为精准的社会剖析，铸就了一部关于阶级矛盾与当代日本社会的犀利影像论著。[标准收藏公司]
爆裂鼓手,2014,2024-12-06,剧情、音乐、惊悚,107,84,英语,达米恩·查泽雷,,迈尔斯·特勒、J·K·西蒙斯、保罗·雷瑟、梅莉莎·班诺伊、奥斯汀·斯托维尔、内特·朗、克里斯·穆基、达蒙·古普顿、苏安妮·斯波克,通往伟大的道路可能会将你带到边缘。,年轻的爵士鼓手安德鲁·奈曼就读于全国顶尖的音乐学院，师从令人畏惧的爵士乐导师特伦斯·弗莱彻，在成为顶尖爵士鼓手的道路上奋力挣扎。
盗梦空间,2010,2010-09-01,动作、科幻、冒险,148,84,英语,克里斯托弗·诺兰,,莱昂纳多·迪卡普里奥、约瑟夫·高登-莱维特、渡边谦、汤姆·哈迪、艾利奥特·佩吉、迪利普·劳、基利安·墨菲、汤姆·贝伦杰、玛丽昂·歌迪亚,你的梦境 就是 犯罪现场,道姆·柯布与同事阿瑟和纳什在一次针对日本能源大亨齐藤（渡边谦 饰）的盗梦行动中失败，反被齐藤利用。齐藤威逼利诱因遭通缉而流亡海外的柯布帮他拆分他竞争对手的公司，采取极端措施在其唯一继承人罗伯特·费希尔的深层潜意识中种下放弃家族公司、自立门户的想法。为了重返美国，柯布偷偷求助于岳父迈尔斯，吸收了年轻的梦境设计师艾里阿德妮、梦境演员艾姆斯和药剂师约瑟夫加入行动。在一层层递进的梦境中，柯布不仅要对付费希尔潜意识的本能反抗，还必须直面已逝妻子梅尔的处处破坏，实际情况远比预想危险得多……
钢琴家,2002,2003-01-24,剧情、战争,150,84,英语,罗曼·波兰斯基,罗纳德·哈伍德,阿德里安·布罗迪、托马斯·克莱舒曼、弗兰克·芬莱、穆琳·利普曼、艾米莉娅·福克斯、埃德·斯托帕德、朱莉娅·雷纳、杰西卡·凯特·迈耶、米哈乌·热布罗夫斯基,音乐是他的激情所在。生存则是他的杰作。,第二次世界大战爆发前夕，波兰犹太裔钢琴家瓦迪斯瓦夫·什皮尔曼仍在华沙电台演奏钢琴。随着德军占领波兰，针对犹太人的迫害不断升级，他和家人被迫迁入华沙犹太区，原本平静的生活也彻底崩塌。在饥饿、暴力与死亡的阴影下，什皮尔曼与家人艰难求生，却又在战争中被迫分离。侥幸逃过驱逐后，他只能依靠朋友的帮助辗转藏身，并在逐渐沦为废墟的华沙中独自躲避搜捕。曾经陪伴他的音乐几乎从生活中消失，而活下去成为他唯一能够坚持的事情……
美国往事,1984,2015-04-23,剧情、犯罪,139,84,英语,赛尔乔·莱昂内,赛尔乔·莱昂内、佛朗哥·费里尼、恩里科·梅迪奥利、皮耶罗·德·贝尔纳迪、弗朗哥·阿尔卡利、莱昂纳多·本韦努蒂,罗伯特·德尼罗、詹姆斯·伍兹、伊丽莎白·麦戈文、乔·佩西、波特·杨、塔斯黛·韦尔德、特里特·威廉斯、丹尼尔·艾洛、理查德·布莱特,犯罪、激情与权力欲望。,二十年代的美国，纽约少年“面条”和几个同龄朋友一起认识了聪明狡黠的“麦克斯”，他们开始从事走私活动。不久，面条在一场械斗中杀伤人命，被关进监牢。若干年后，“面条”出狱，当时的小伙伴们已经变成了健壮的青年人，在“麦克斯”的带领下，他们开始了一系列抢劫、盗窃、敲诈活动。随着犯罪活动的不断深入， “麦克斯”似乎被胜利冲昏了头脑，竟然把美国联邦储备银行也列入了行动目标。“面条”不忍眼看好友走向毁灭，偷偷打电话报警，想逼迫“麦克斯”收手。警察与 “面条”的朋友展开激烈枪战，“麦克斯”等人全部被杀。“面条”带着深深的悔恨和痛苦，离开纽约，回到年少时生长的地方。三十五年过去了，几近垂暮的“面条”重新回到纽约的伤心地，他遇见了少时的朋友和旧情人，而当年“麦克斯”他们的死，背后竟然包含着出乎意料的阴谋。
蜘蛛侠：纵横宇宙,2023,2023-06-02,动画、动作、冒险、科幻,140,84,英语,乔伊姆·多斯·桑托斯、贾斯汀·K·汤普森、肯普·鲍尔斯,,沙梅克·摩尔、海莉·斯坦菲尔德、布莱恩·泰里·亨利、劳伦·贝莱斯、杰克·约翰逊、奥斯卡·伊萨克、杰森·薛兹曼、伊萨·雷、丹尼尔·卡卢亚,每个人都说这是蜘蛛侠注定的命运，但我要找到属于自己的路。,成为蜘蛛侠后的迈尔斯·莫拉莱斯一边守护自己的城市，一边努力在英雄身份与家庭生活之间寻找平衡，却始终怀念曾与自己并肩作战的格温和其他伙伴。一次意外重逢后，迈尔斯跟随蜘蛛格温穿越平行宇宙，第一次来到由来自不同世界的蜘蛛侠组成的“蜘蛛联盟”。然而，随着新的威胁不断穿梭于各个宇宙，迈尔斯也发现蜘蛛联盟对于维持多元宇宙秩序有着一套不容挑战的规则。当他的选择与蜘蛛侠2099米格尔·奥哈拉产生冲突时，迈尔斯不得不在众多蜘蛛侠的阻拦下，坚持自己对于“成为蜘蛛侠”究竟意味着什么的答案……
别假正经,1984,2024-06-16,纪录、音乐,88,83,英语,乔纳森·戴米,,大卫·伯恩、Chris Frantz、Jerry Harrison、Tina Weymouth、Ednah Holt、Lynn Mabry、Steven Scales、Alex Weir、Bernie Worrell,Why stop making sense? Why a movie? Why a big suit? Where do the odd movements come from? What will the band do next?,一部关于摇滚乐队传声头的演唱会纪实电影。
沉默的羔羊,1991,2018-04-16,犯罪、惊悚、剧情,119,83,英语,乔纳森·戴米,泰德·塔利,朱迪·福斯特、安东尼·霍普金斯、斯科特·格伦、泰德·拉文、安东尼·希尔德、布鲁克·史密斯、黛安·贝克、卡斯·莱蒙斯、弗兰基·费森,要进入杀手的头脑，她必须挑战疯子的头脑。,"在这部改编自托马斯·哈里斯畅销小说的惊世之作中，技艺超凡的导演乔纳森·戴米以令人毛骨悚然的笔触，勾勒出缠绕美国社会的梦魇——连环谋杀。朱迪·福斯特颠覆性地诠释了联邦调查局见习探员克拉丽丝·史达琳的形象，为洞悉另一名连环杀手的心智，她不得不求助于恶名昭彰的""食人魔""汉尼拔·莱克特，此番表演亦成为其演艺生涯中最令人难忘的篇章。与她交锋的安东尼·霍普金斯，则塑造出堪称典范的暗黑英雄形象——优雅博学、机锋凌厉却暗藏杀戮本能，令人战栗地呈现了人性彻底堕落的剖面。这部兼具扣人心弦的刑侦叙事与扭曲心理深度探索的杰作，当年横扫奥斯卡最佳影片、导演、改编剧本、男女主角五项大奖，至今仍是影史文化里程碑。[标准收藏]"
加百列的地狱：第二部,2020,2020-07-31,爱情、剧情,106,83,英语,托斯卡·马斯克,Mary Pocrnic,Melanie Zanetti、吉欧里奥·贝鲁蒂、James Andrew Fraser、Margaux Brooke、Agnes Albright、Purva Bedi、Sahar Bibiyan、Cedric Cannon、Ned Van Zandt,,加布里埃尔·爱默生教授终于发现了朱莉娅·米切尔身份的真相，但他的意识到为时已晚。茱莉亚最终希望这位受人尊敬的但丁专家会记住她，并且不想再与他有任何关系。加布里埃尔能在别人的怀抱中找到爱之前赢回她的心吗？
防弹少年团：燃烧舞台电影版,2018,2018-11-15,音乐、纪录,85,83,朝鲜语,Park Jun-soo,,RM、Jin、SUGA、j-hope、Jimin、金泰亨、田柾国,"From the deserts to the seas, we were always together.","防弹少年团的故事将被拍成电影,11月CGV上映!据体育东亚独家报道,讲述防弹少年团成长故事的纪录片形式电影"
鱿鱼游戏： 第二季 制作特辑,2025,2025-01-03,纪录,28,83,朝鲜语,,,黄东赫、李政宰、李炳宪、蔡京善、Kim Ji-yong、孔刘、魏嘏隽、任时完、李阵郁,,三年前，鱿鱼游戏由456号选手（李政宰 饰）胜出，他本想远走高飞，却在搭机赴美前临阵反悔，决心展开新计划。成奇勋再度投身这场神秘的生存游戏，又一次赌上性命，与一群新的参赛者一起争夺高达456亿韩元的奖金。
激进教学,2023,2023-10-19,剧情,122,83,西班牙语,Christopher Zalla,Christopher Zalla,欧亨尼奥·德伯兹、Daniel Haddad、Jennifer Trejo、Mia Fernanda Solis、Danilo Guardiola Escobar、Gilberto Barraza、Víctor Estrada、Manuel Márquez、Christian Gonzalez,Think for yourself.,在一个充满忽视、腐败和暴力的墨西哥边境小镇，一名老师决定尝试一种激进的新方法来释放学生的潜力与好奇心，甚至发掘出他们的天才之处。
后窗,1954,2019-04-13,惊悚、悬疑、剧情,113,83,英语,阿尔弗雷德·希区柯克,约翰·迈克尔·海耶斯,詹姆斯·斯图尔特、格蕾丝·凯利、温德尔·科里、塞尔玛·里特、雷蒙德·伯尔、朱迪思·伊芙琳、罗斯·巴格达萨里安、乔治娜·达西、萨拉·伯纳,只需一个目击者，就能破坏这桩完美的犯罪。,一位足不出户的摄影师透过公寓窗户窥见邻居们的隐秘生活，当他断定其中一人犯下谋杀罪行时，一场扣人心弦的观察与博弈就此展开。詹姆斯·斯图尔特与格蕾丝·凯利联袂出演这场由阿尔弗雷德·希区柯克执导的、在有限空间内层层铺陈悬念的影史经典。
加百列的地狱：第三部,2020,2020-11-19,爱情、剧情,122,83,英语,托斯卡·马斯克,Mary Pocrnic,Melanie Zanetti、吉欧里奥·贝鲁蒂、Rhett Wellington Ramirez、James Andrew Fraser、Margaux Brooke、Pat Asanti、Julia Barrett-Mitchell、库尔特·麦金尼,,一个黑暗的人带着恶意从茱莉亚的过去回来了。加布里埃尔有他需要分享的秘密，但担心如果他这样做，他会失去一切。他们的关系会经受住秘密揭露的考验吗？他们对但丁和弗洛伦斯的共同热爱会是他们所希望的一切吗？
回到未来,1985,1985-07-03,冒险、喜剧、科幻,116,83,英语,罗伯特·泽米吉斯,,迈克尔·J·福克斯、克里斯托弗·劳埃德、克里斯平·格洛弗、莉·汤普森、克劳迪娅·韦尔斯、托马斯·F·威尔森、马克·麦克卢尔、温迪·乔·斯佩博、乔治·迪森佐,他是唯一一个到出生前惹麻烦的孩子。,马蒂·麦克弗莱，一位典型的八十年代美国青少年，意外被一台由钚动力驱动的德罗宁“时间机器”送回到1955年——这台机器由一位略带疯狂的科学家发明。在这段时常癫狂、总是惊人的穿越之旅中，马蒂必须确保他那正值青春期的未来父母相遇并坠入爱河，他才能顺利返回未来。[官方简介]
真爱留声,2026,2026-06-20,爱情、喜剧、剧情,119,83,英语,Leah McKendrick,,佐伊·达奇、尼克·罗宾森、岑勇康、Leah McKendrick、席亚拉·博拉沃、Toby Sandeman、尼克·奥弗曼、卢卡斯·盖奇、Megan Danso,Sometimes the universe leaves you a message.,年轻女子给已故姐姐发送的搞笑自白语音留言无意中被转给了陌生人，而这个陌生人竟隔着遥远的距离爱上了她。
美国X档案,1998,1998-10-30,剧情,119,83,英语,托尼·凯耶,大卫·麦肯纳,爱德华·诺顿、爱德华·弗朗、贝弗利·德安杰洛、詹妮弗·林、伊桑·苏普利、费尔鲁扎·鲍克、艾弗里·布鲁克斯、埃利奥特·古尔德、斯泰西·基齐,Some legacies must end.,德瑞克 的父亲在他很小的时候就被一名黑人毒贩射杀，从此给他幼小的心灵埋下了仇恨的种子。原来德瑞克功课很好，是老师眼中的好学生。但自从父亲遇难后，他就将一切心机都放在了对付有色人种上面。他积极组织起一帮白人青年混混，到处和有色人种对着干。一次，他射杀了两名黑人，因此入狱。入狱后，德瑞克加入了一伙新纳粹的白人。后来，因工作关系他和一名黑人成了好友，他开始反思自己的过去。当他意欲脱离狱中新纳粹组织时，遭到了拳打脚踢。德瑞克出狱后，决心和以前自己组织的帮会脱离关系，带着弟弟远走他乡开始新的生活。
幽灵公主,1997,2025-05-01,冒险、奇幻、动画,134,83,日语,宫崎骏,宫崎骏,松田洋治、石田百合子、田中裕子、小林薰、西村雅彦、上条恒彦、美轮明宏、森光子、森繁久弥,世界的命运系于一位勇士的勇气之上。,室町时代，生活在偏远村落的少年阿席达卡为了保护族人，与一头被邪魔侵蚀的山猪神交战，却因此受到可怕的诅咒。为了寻找诅咒的来源和活下去的方法，他离开故乡前往西方。在旅途中，阿席达卡来到一片古老森林附近，发现以黑帽大人为首的人类为了炼铁不断开采资源，与守护森林的神祇陷入日益激烈的冲突。他也由此遇见了由山犬养大、憎恨人类破坏森林的少女小桑。面对为了生存开拓土地的人类与誓死守护家园的森林生灵，阿席达卡逐渐被卷入双方无法调和的争斗，并试图寻找一条不必以毁灭彼此为代价的道路……
同级生,2016,2016-02-20,爱情、动画,61,83,日语,中村章子,,野岛健儿、神谷浩史、石川英郎、Yurino,"Sincerely, Slowly, Falling in Love.",夏天时节，东府第一高校要举行合唱祭。在课后合唱训练中，高中二年级A班草壁光（神谷浩史 配音）发现同班的尖子生佐条利人（野岛健儿 配音）并没有开口唱歌。草壁原以为这样的优等生不屑于合唱活动，却在当天放学后发现佐条独自留在教室练习。鬼使神差地，擅长音律的草壁主动提出要帮助佐条练习唱歌。经过多日的相处，草壁渐渐被认真的佐条吸引，却一直苦恼于对方是为了他人才如此努力学习唱歌。到了合唱祭这一天，草壁忽然控制不住情绪，在正式演出中途跑了出去，佐条见状紧张地追上。在空荡荡的校园里，二人终于向对方确定了心意。夏天要结束了，而他们青春的诗篇才刚刚开始。
玩具总动员5,2026,2026-06-19,动画、家庭、喜剧、冒险,102,83,英语,安德鲁·斯坦顿,安德鲁·斯坦顿、Kenna Harris,琼·库萨克、汤姆·汉克斯、蒂姆·艾伦、柯南·奥布莱恩、Scarlett Spears、格蕾塔·李、Shelby Rabara、Mykal-Michelle Harris、克雷格·罗宾逊,大战开启,胡迪、巴斯光年、翠斯等“元老级”玩具将跟随小主人邦妮的成长脚步，共同迎接数字时代下的全新挑战。随着无所不能的科技产品逐渐走进童年世界，一批充满科技感的崭新角色也随之重磅亮相：青蛙造型的智能平板小荷、憨态可掬的导航玩具小不丢、活力十足的抓拍好手小拍侠，以及自带笑点的臭屁小机灵。当身边的同龄朋友们开始沉浸在科技玩具带来的“电子陪伴”中，而玩具伙伴们也迎来了前所未有的生存难题：在屏幕占据注意力的时代，玩具的时代真的结束了吗？在“被取代”危机的当下，这群玩具伙伴还能否携手，帮助邦妮找回属于自己的真实友谊与快乐？
生之欲,1952,1952-10-09,剧情,143,83,日语,黑泽明,黑泽明、桥本忍、小国英雄,志村乔、田中春男、金子信雄、左卜全、小田切美喜、日守新一、千秋实、山田巳之助、藤原釜足,一个关于小人物的大故事，它将紧紧抓住你的灵魂……,黑泽明导演生涯的至高成就之一，本片以极致的悲悯凝视死亡，完成对生命的礼赞。志村乔动人诠释胃癌晚期的老公务员渡边勘治，在生命终点踏上追寻意义的旅程。影片以突破性的双段式结构展开，镜头语言浸润着洞察人性本真的人文主义光辉，从多重维度叩问生存的真谛。
荒野机器人,2024,2024-09-20,家庭、动画、科幻、冒险,102,83,英语,克里斯·桑德斯,克里斯·桑德斯,露皮塔·尼永奥、佩德罗·帕斯卡、基特·康纳、比尔·奈伊、许玮伦、马修·贝瑞、文·瑞姆斯、马克·哈米尔、凯瑟琳·欧哈拉,发现你的本性,梦工厂动画全新改编文学畅销作品——彼得·布朗荣获大奖、备受喜爱的《纽约时报》榜首畅销书《荒野机器人》。这段史诗冒险讲述机器人“ROZZUM单元7134”（简称“罗兹”）的旅程：她因船只失事流落荒岛，必须学会适应严酷环境，逐渐与岛上动物建立联系，并成为一只孤儿小鹅的养母。[梦工厂影业]
未麻的部屋,1998,2024-04-18,动画、惊悚,81,83,日语,今敏,村井贞之,岩男润子、松本梨香、新山志保、大仓正章、辻亲八、古川惠实子、秋元羊介、盐屋翼、堀秀行,不好意思……请问你是？,当红三人少女偶像团体Charming Bird面临解散，核心成员雾越未麻在事务所的安排下不得不退出团体，转型成为一名电视剧演员。万事开头难，对于偶像歌手转型而来的未麻尤其如此，她在工作中承受着压力，闷闷不乐。与此同时，各种恐吓信不断、经纪人田所先生遇袭以及以自己的口吻在网站上写日记的神秘人都让未麻焦虑不已，恍惚间她甚至看到另一个自己。未麻的苦恼无人知晓，贪婪的田所甚至同意剧组的剧本，要求未麻出演一场尺度极大的强暴戏。这次演出成为未麻演艺事业的转折点，她的出镜率开始攀升，甚至还拍摄了裸露的写真。与此相对，电视剧编剧涩谷和曾给未麻拍下裸照摄影师村野接连遇害。未麻的生活变得混乱不堪，真相究竟如何？本片荣获1997年亚洲奇幻电影节最佳亚洲影片。
音魂掠影,2022,2022-02-17,纪录、音乐、历史,156,83,意大利语,朱塞佩·托纳多雷,朱塞佩·托纳多雷,埃尼奥·莫里康内、西尔瓦诺·阿戈斯蒂、亚历山德罗·亚历山德罗尼、Fausto Ancillai、达里欧·阿基多、琼·贝兹、Sergio Bassetti、Bruno Battisti D'Amario、马可·贝罗奇奥,,由著名导演#朱塞佩·托纳多雷#编剧并执导，吉亚尼·罗素、王家卫等人任监制，聚焦意大利音乐大师埃尼奥·莫里康内的传记电影#50年一瞬间的魔幻时刻#正在进行后期制作，计划2020年公映。
捕风追影,2025,2025-08-16,动作、犯罪、剧情、惊悚,141,83,汉语,杨子,,成龙、张子枫、梁家辉、此沙、文俊辉、周政杰、王杍逸、郎月婷、林秋楠,他正在为一项危险任务训练新一代执法者，以从冷酷无情的罪犯手中拯救世界。,一伙天才盗匪劫走数亿资产，却凭借超强反侦察能力全身而退，戏耍警方“天眼”系统。一筹莫展之际，澳门司警局请回了隐退多年的跟踪专家黄德忠，他培养年轻司警何秋果等人，重组“神秘跟踪队”，最终锁定了盗匪团的幕后狼王傅隆生。当警方布下天罗地网之时，盗匪团也设下局中局，斗智斗勇斗心眼，一场高端猫鼠局拉开帷幕……
死亡诗社,1989,2026-04-17,剧情,128,83,英语,彼得·威尔,,罗宾·威廉姆斯、罗伯特·肖恩·莱纳德、伊桑·霍克、乔西·查尔斯、盖尔·汉森、迪伦·库斯曼、阿莱隆·鲁杰罗、詹姆斯·沃特斯顿、诺曼·劳埃德,他是他们的灵感源泉。他让他们的生命变得非凡。,威尔顿预备学院以其沉稳凝重的教学风格和较高的升学率闻名，作为其毕业班的学生，理想就是升入名校。新学期文学老师约翰·基汀（罗宾·威廉姆斯 饰）的到来如同一阵春风，一反传统名校的严肃刻板...
带来灵魂：防弹少年团演唱会电影,2019,2019-08-07,音乐、纪录,103,83,朝鲜语,Park Jun-soo,,RM、Jin、SUGA、j-hope、Jimin、金泰亨、田柾国,"Forever, we are young.",据媒体报道防弹少年团 第三部演唱会电影《Bring the Soul：The Movie》确定将于8月7日全球同步上映并公开了海报。据悉，该电影记录了防弹少年团从首尔开始经过众多的城市，结束漫长的欧洲巡演后在围坐在巴黎一个小小的屋顶举行属于他们自己的庆祝宴的模样。另外，《Bring the Soul：The Movie》将展现防弹少年团7名成员各样的魅力，他们率真坦诚的面貌将带给观众心动和感动，该片将于8月7日上映。
紫罗兰永恒花园 剧场版,2020,2021-12-25,动画、剧情、奇幻、爱情,140,83,日语,石立太一,吉田玲子,石川由依、浪川大辅、子安武人、木内秀信、户松遥、内山昂辉、远藤绫、茅原实里、水桥香织,致我最心爱的人，这是我最后的书信。,——「爱」究竟是什么？  曾经将「爱」告诉自己、 给予自己的，重要的人。  即使想见，却再也见不到。 永远。 放开了手的、最最重要的那个人。  从事代笔业的她，名字是「薇尔莉特·伊芙加登」。自幼身为士兵参战，没能获得培育心灵机会的她，无法理解自己重要的上司「吉尔伯特·布干维利亚」所留下的话语。——我从心底，爱着你。  让人们背负深深伤痕的战争结束之后，经过数年。生活随着新技术的开发而改变，人们开始面向前方前进。但，薇尔莉特坚信着吉尔伯特还在某处活着，每一天只是思念着他。——亲爱的吉尔伯特少校。今天我又再一次回忆起了少校的事情。薇尔莉特强烈的愿望，溶解在静谧的夜当中。  在吉尔伯特母亲的月忌日，薇尔莉特像是要代替他一般地献上鲜花。某天，她与吉尔伯特的哥哥·迪特福利特海军上校不期而遇。迪特福利特告诉她是时候该忘记吉尔伯特了，但薇尔莉特立刻做出了答复。「我无法忘记」。  就在此时，薇尔莉特接到了一通委托电话。委托人是名叫尤里斯的少年。另一方面，在邮政公司的仓库里，发现了一封收信人不明的信……。
五等分的新娘 剧场版,2022,2022-05-20,动画、喜剧、爱情,136,83,日语,神保昌登,大知庆一郎,松冈祯丞、花泽香菜、竹达彩奈、伊藤美来、佐仓绫音、水濑祈、京花优希、黑田崇矢、高森奈津美,,为了让「濒临留级」又「讨厌学习」的美少女五姐妹通过学校考试毕业，主角风太郎以兼职家庭教师的身份来到中野家指导她们的课业，也因此渐渐与五胞胎们培养出感情。怀抱着各种想法的各人也迎来高中生活最后的活动「学园祭」。「学园祭第一天15时请到教室来。」聚集在教室里的五胞胎们，风太郎想告诉她们的是……
这个杀手不太冷,1994,2024-11-01,犯罪、剧情、动作,133,83,法语,吕克·贝松,吕克·贝松,让·雷诺、娜塔莉·波特曼、加里·奥德曼、丹尼尔·艾洛、彼得·阿佩尔、迈克尔·巴达卢科、艾伦·格林、弗兰克·赛格、伊丽莎白·雷恩,想把事情办的漂亮，就得请专业的,里昂是名孤独的职业杀手，受人雇佣。一天，邻居家小姑娘马蒂尔达敲开他的房门，要求在他那里暂避杀身之祸。原来邻居家的主人是警方缉毒组的眼线，只因贪污了一小包毒品而遭恶警杀害全家的惩罚。马蒂尔达得到里昂的留救，幸免于难，并留在里昂那里。里昂教小女孩使枪，她教里昂法文，两人关系日趋亲密，相处融洽。女孩想着去报仇，反倒被抓，里昂及时赶到，将女孩救回。混杂着哀怨情仇的正邪之战渐次升级，更大的冲突在所难免……
献给我的前妻,2019,2019-11-08,剧情、喜剧,94,83,西班牙语,Jorge Ulloa,Jorge Ulloa、Nataly Valencia、Julio Pañi、Diego Ulloa,Raúl Santana、Nataly Valencia、Carlos Alcántara、Biassini Segura、玛丽安娜·特雷维尼、欧亨尼奥·德伯兹、Orlando Herrera、Alfredo Espinosa、Gabriel Montiel,,这部电影讲述了21岁的阿里尔的故事：为筹钱挽回濒临破裂的恋情、与前女友重逢，他决定组建一支摇滚乐队，参加奖金高达一万美元的乐队大赛，这已是他最后的办法——此前，女友因要前往芬兰实习，两人的感情走到了尽头。阿里尔和好友奥尔特加一起举办海选招募乐队其他成员，尽管两人对音乐一窍不通，最终还是组建起一支成员性格迥异、喜好截然不同的乐队。
大独裁者,1940,2021-09-19,喜剧、战争,125,83,英语,查理·卓别林,查理·卓别林,查理·卓别林、波莱特·戈达德、杰克·奥基、雷金纳德·加德纳、亨利·丹尼尔、比利·吉尔伯特、格蕾丝·海尔、卡特·德黑文、莫里斯·莫斯科维奇,再次——全世界都在嘲笑！,在其备受争议的杰作中，查理·卓别林既尖刻地讽刺了阿道夫·希特勒，又巧妙地颠覆了自身的喜剧形象。在其首部纯有声片中，卓别林以精湛的肢体表现力分饰两角：残酷而滑稽的“托曼尼亚”独裁者，以及被错认成他的善良犹太理发师。凭借杰克·奥克与宝莲·高黛的精彩配角演绎，这部在美国正式加入二战前便大胆直指法西斯领导人的作品，将政治讽喻与肢体喜剧熔铸成登峰造极的艺术表达，最终在卓别林那段传世的激扬演说中达到高潮。
我们如此相爱,1974,1974-12-21,剧情、喜剧,124,83,意大利语,埃托雷·斯科拉,埃托雷·斯科拉、艾根诺尔·因克鲁西、富里奥·斯卡佩利,Nino Manfredi、维托里奥·加斯曼、斯特法尼娅·桑德雷莉、Stefano Satta Flores、Giovanna Ralli、Aldo Fabrizi、Marcella Michelangeli、Elena Fabrizi、Fiammetta Baralla,一件光彩夺目的事物。,安东尼奥（尼诺·曼弗莱迪 Nino Manfredi 饰）、贾尼（维托里奥·加斯曼 Vittorio Gassman 饰）和尼古拉（Stefano Satta Flores 饰）是战争时代的生死之交。战争结束后，他们回归了家乡，开始了各自迥异的生活。安东尼奥结识了美丽女孩露西安娜（斯蒂芬尼娅·桑德雷莉 Stefania Sandrelli 饰），坠入了情网，可露西安娜喜欢的却偏偏是贾尼。可最终，贾尼选择同侯爵女儿结婚，露西安娜陷入了痛苦之中，此时，安东尼奥再度出现在了露西安娜的身边，陪伴守护着她。露西安娜一直希望能够成为一名演员，为了实现理想，她甚至不惜向负责挑选演员的负责人献出了肉体。几经波折，安东尼奥和露西安娜总算坦诚相对，互诉衷肠，一对璧人终于走到了一起。
夜与雾,1956,1956-05-22,纪录、历史,32,83,法语,阿伦·雷乃,让·凯罗尔,Michel Bouquet、Reinhard Heydrich、Heinrich Himmler、阿道夫·希特勒、Julius Streicher,,1956年导演阿伦•雷乃用摄影机带领观众重回奥斯维辛。当年纳粹集中营的旧址上已是一片祥和美丽的野外风光。然而时间倒回到1933年纳粹党掌权之时，整个城市被阴霾笼罩——大片修建起来的集中营房排列整齐，大量犹太人被抓进集中营开始接受非人的折磨和侮辱。这里对人种进行分级，在皮肤上纹上编号，在衣服上缝制等级的徽章。疾病，饥饿，劳役使集中营尸体遍地。1942年希莱姆到访，奉行“破坏”政策，集中营难民进入更加悲惨的境遇，被药品公司买下用作实验。1945年，集中营人数倍增后已不堪负荷，成堆的尸体被推土机推入大坑掩埋......
摩登时代,1936,1936-09-17,喜剧、剧情、爱情,87,83,英语,查理·卓别林,查理·卓别林,查理·卓别林、波莱特·戈达德、亨利·伯格曼、蒂尼·桑福德、切斯特·康克林、汉克·曼恩、斯坦利·布莱斯通、阿尔·欧内斯特·加西亚、理查德·亚历山大,他是现代最伟大的艺人，举世无双！世上无人能像他那样，让你开怀大笑，又深深触动你的心弦……全世界都为他无价的才华而欢笑、流泪、激动不已！,二十年代的美国处于经济萧条时期，失业率居高不下，工人受尽压榨，成为了大机器生产中的一颗螺丝钉。查理就是一个底层市民，他在一个机器隆隆的厂房里日以继夜地工作，以赚取微薄的收入。重复繁重的工作压得他喘不过气，他把人们的鼻子当成螺丝钉来拧，卷入流水线机器的皮带里，令人苦笑不得。
生活多美好,1946,1946-12-20,剧情、家庭、奇幻,131,83,英语,弗兰克·卡普拉,弗兰克·卡普拉、阿尔伯特·莫里斯·哈克特、弗朗西丝·古德里奇,詹姆斯·斯图尔特、唐娜·里德、莱昂内尔·巴里摩尔、托马斯·米切尔、亨利·特拉弗斯、比尤拉·邦蒂、弗兰克·费伦、埃德温·邦德、格洛丽亚·格雷厄姆,这笑声多么美妙！这爱意多么动人！,一位天使被派往人间，帮助一位万念俱灰的商人，向他展现假如他从未存在过，生活将会是怎样的光景。
从天而降,2019,2019-12-24,喜剧、剧情、音乐,112,83,西班牙语,Pepe Bojórquez,Pepe Bojórquez、Alfredo Felix-Diaz,奥马尔·查帕罗、安娜·克劳迪娅·塔兰孔、Stephanie Cayo、Lupita Sandoval、Yare Santana、安赫丽卡·玛丽娅、Manuel 'Flaco' Ibáñez、Alejandro Gasque、Juan Alberto Villareal,,墨西哥传奇人物佩德罗·因凡特（Pedro Infante）在地球上又获得了一次机会，可以为自己与女性的交往赎罪，并在一个模仿者的身体里赢得天堂.
边境奇袭,2025,2025-02-28,动作、冒险、惊悚,85,83,西班牙语,Chava Cartas,,路易斯·阿伯提、诺伊·埃尔南德斯、Leonardo Alonso、Luis Curiel、Guillermo Nava、David Calderón León、Mayra Batalla、依斯菲尔 加那利、Ishbel Bautista,,一场人质营救行动带来了新的敌人，格雷罗上尉和他的精英士兵们必须应对残忍犯罪团伙的埋伏。
妥瑞氏与我,2025,2025-09-22,剧情、历史,121,83,英语,柯克·琼斯,,罗伯特·阿拉马约、玛克辛·皮克、彼得·穆兰、雪莉·亨德森、Scott Ellis Watson、David Carlyle、Francesco Piacentini-Smith、Somerled Campbell、Michael Dylan,I blink. I twitch. I jump. I click. I whistle. I shout.,本片根据社会活动家约翰·戴维森的真实人生经历改编。讲述他从20世纪80年代英国一名被误解的少年，成长为致力于推动人们理解与接纳妥瑞氏综合症的倡导者的故事。约翰在十五岁时被确诊，在逆境中艰难度过动荡的青春期，一步步走向成年。在他人善意的鼓舞下，他找到了人生真正的意义与方向。
日落大道,1950,2026-04-16,剧情,110,83,英语,比利·怀尔德,比利·怀尔德、小D.M.马什曼、查尔斯·威廉·布莱克特,威廉·霍尔顿、格洛丽亚·斯旺森、埃里克·冯·施特罗海姆、南希·奥尔森、弗雷德·克拉克、劳埃德·高夫、杰克·韦伯、富兰克林·法纳姆、拉里·J·布莱克,一个好莱坞故事。,好莱坞的声名终会消散——只需问问诺玛·戴斯蒙德。她曾是影坛传奇，如今已成被人遗忘的旧时代残影。当穷困潦倒的编剧乔·吉利斯误入她那衰败的宅邸，便陷入了她偏执与妄想的罗网。起初看似机遇的邂逅，很快演变为一场危机四伏的困局。这部作品被广泛认为是好莱坞黄金时代最伟大的影片之一，它以阴郁、扭曲又萦绕人心的视角，凝视着好莱坞的轮回——那里青春是流通货币，才华转瞬即逝，而聚光灯终会黯淡。[派拉蒙影业]
触不可及,2011,2011-11-02,剧情、喜剧,112,83,法语,奥利维埃·纳卡什、埃里克·托莱达诺,奥利维埃·纳卡什、埃里克·托莱达诺,弗朗索瓦·克鲁塞、奥玛·希、安娜·勒尼、奥黛丽·弗洛罗、Joséphine de Meaux、克洛蒂尔德·莫莱特、阿尔巴·盖亚·贝鲁吉、西里尔·门迪、Salimata Kamate,Sometimes you have to reach into someone else's world to find out what's missing in your own.,富有的菲利普因一场滑翔伞事故导致高位瘫痪，需要招聘一名全职陪护。前来应聘的人络绎不绝，却始终无法让他满意。直到刚刚出狱的德希斯出现，他本无意得到这份工作，只想拿到一张求职被拒的证明，却意外被菲利普选中，开始了一个月的试用期。一个生活优渥、行动不便，一个出身底层、自由不羁，两人的生活方式和价值观截然不同。在日复一日的相处中，德希斯用毫无顾忌的方式打破了菲利普沉闷的生活，而菲利普也让德希斯接触到一个从未了解过的世界。两个原本毫无交集的人，逐渐建立起一段超越身份与阶层的友谊……
西部往事,1968,2018-04-16,剧情、西部,166,83,意大利语,赛尔乔·莱昂内,赛尔乔·莱昂内、塞尔吉奥·多纳蒂,克劳迪娅·卡汀娜、亨利·方达、杰森·罗巴兹、查尔斯·布朗森、加布里埃尔·费泽蒂、Paolo Stoppa、伍迪·斯特罗德、杰克·伊莱姆、基南·怀恩,她生命中有三个男人。一个带走了她，一个深爱着她，还有一个——最终杀死了她。,塞尔吉奥·莱昂内的这部不朽史诗，其恢弘堪比取景地纪念碑谷，其气度媲美星光熠熠的杰出演员阵容，其粗粝不羁正如每个孩子想象中的狂野西部。影片围绕一名神秘的口琴客、一位寻找杀父仇人的寡妇、一个亡命之徒以及一名铁路大亨之间错综复杂的关系展开，以恩尼奥·莫里康内传奇般的配乐为灵魂，塑造了影史中最令人难忘的西部片开场与结局。这是一首对正在消逝的旧西部的挽歌，也是一部永远重塑了该类型的杰作。
惩罚者：最后一击,2026,2026-05-12,动作、剧情、犯罪,51,83,英语,雷纳尔多·马库斯·格林,,乔·博恩瑟、黛博拉·安·沃尔、Jason R. Moore、朱迪丝·莱特、Kelli Barrett、安德烈·洛优、约翰·道格拉斯·汤普森、Colton Hill、Nick Koumalatsos,Hey Frank.,失去家人多年后，弗兰克·卡塞尔依然被过去的创伤与幻象困扰，试图远离曾经作为“惩罚者”的暴力人生。然而，犯罪家族首领努奇为了替死去的亲人复仇，对弗兰克发出悬赏，引来大批罪犯追杀。随着暴力逐渐波及身边的无辜者，原本想要逃离过去的弗兰克不得不再次作出选择。在复仇与守护之间，他开始重新审视自己作为“惩罚者”的意义……
现代启示录,1979,1979-05-19,剧情、战争,202,83,英语,弗朗西斯·科波拉,,马丁·辛、马龙·白兰度、弗雷德里克·福雷斯特、阿尔伯特·海尔、劳伦斯·菲什伯恩、山姆·伯顿斯、罗伯特·杜瓦尔、格瓦斯·杜安·斯普拉德林、哈里森·福特,这就是终点...,越战期间，威拉德上尉受命执行一项危险任务，深入柬埔寨刺杀一位脱离建制的叛变上校——此人已在当地部落自封神明。
新世纪福音战士剧场版：Air／真心为你,1997,1997-07-19,动画、科幻、剧情、奇幻、动作,87,83,日语,庵野秀明、鹤卷和哉,庵野秀明,绪方惠美、林原惠美、三石琴乃、宫村优子、立木文彦、长泽美树、子安武人、优希比吕、山口由里子,毁灭的命运亦是重生的喜悦。,《新世纪福音战士》系列第二部剧场版，于 1997 年 7 月 19 日在日本上映。全名：《新世纪福音战士剧场版：THE END OF EVANGELION》（日语：新世紀エヴァンゲリオン 劇場版 THE END OF EVANGELION - Air/まごころを、君に，英语：NEON GENESIS EVANGELION: THE END OF EVANGELION - AIR/SINCERELY YOURS）。剧情承接 TV 动画版第 24 集，包括了重新制作的第 25 、第 26 话。在这部剧场版中第 25 话的名字是 “AIR”（天空），而副标题是 “LOEV IS DESTRUCTIVE”（爱是一种伤害）；第 26 话的名字是 “YOUR SINCERELY”（真心为你），副标题是“ONE MORE FINAL: I NEED YOU”（再说最后一遍：我需要你）。剧场版的每一话都和电视版一样有一个 “EYE - CATCH” 镜头（即每集中间那个黑底白字的英文标题）。这部剧场版标志着整个旧世纪《新世纪福音战士》的终结。影片分成 “Air” 与 “真心为你” 两个部分。神秘的 EVA 零号机驾驶员绫波丽，在与碇元渡约定之时，来到了 NERV 底层中央教条的红色水池边。她的命运似乎就将在此结束。在危急时刻，葛城美里不但要完成加持良治交待的对“第二次浩劫”真相以及“人类补完计划”的探查工作，还要保护碇真嗣与明日香，以及防备 SEELE 对初号机与二号机的物理接触。出于对碇元渡的憎恨，赤木律子接受了 SEELE 引爆 MAGI 的提案，她能否成功 ？长期与 SEELE 共事的碇元度、冬月耕造、碇唯，为了防止人类“最终的悲剧”，而酝酿了的“人类补完计划”能否实现 ？尽在《新世纪福音战士》电影版第 2 部中解答。
黑客帝国,1999,2000-01-14,动作、科幻,136,83,英语,莉莉·沃卓斯基、拉娜·沃卓斯基,,基努·里维斯、劳伦斯·菲什伯恩、凯瑞-安·莫斯、雨果·维文、格洛丽亚·福斯特、乔·潘托里亚诺、马库斯·钟、朱利安·阿拉汗加、马特·多兰,欢迎来到现实世界,不久的将来，网络黑客尼奥对这个看似正常的现实世界产生了怀疑。他结识了黑客崔妮蒂，并见到了黑客组织的首领墨菲斯。墨菲斯告诉他，现实世界其实是由一个名叫“母体”的计算机人工智能系统控制，人们就像他们饲养的动物，没有自由和思想，而尼奥就是能够拯救人类的救世主。可是，救赎之路从来都不会一帆风顺，到底哪里才是真实的世界？如何才能打败那些超人一样的特勤？尼奥是不是人类的希望？这是黑客的帝国，程序和代码欢迎大家的到来。
萤火之森,2011,2011-09-17,爱情、动画、奇幻,44,83,日语,大森贵弘,大森贵弘,泽田泉、田谷隼、佐仓绫音、内山昂辉、辻亲八、山本兼平、町田政则、内田爱美、后藤弘树,我已经等不到夏天了,某年夏天，6岁小女孩竹川萤来到爷爷家度假，她闯进了传说住满妖怪的山神森林。正当她因为迷路而焦急万分的时候，一个戴着狐狸面具的大男孩出现在她面前，并引领着萤找到回家的路。虽然萤分外感激，可是男孩却禁止她碰触自己的身体，原来这名叫银的男孩并非人类，他一旦被人类碰触就会烟消云散。在此后的日子里，萤和银成为好朋友，他们走遍了森林的每一个角落玩耍。日复一日，年复一年，每到夏天的时候萤就会如约来到森林和好朋友见面。她遵守着和银的约定，无论如何也不碰触银的身体。随着年龄的增长，萤和银对彼此的情感都悄悄发生了变化，他们共同期待相聚的日子，共同期待拥抱对方。本片根据绿川幸的原作改编。
光荣之路,1957,1957-12-20,战争、剧情,87,83,英语,斯坦利·库布里克,斯坦利·库布里克、吉姆·汤普森、考尔德·威林厄姆,柯克·道格拉斯、拉尔夫·米克尔、阿道夫·门吉欧、乔治·麦克雷迪、韦恩·莫里斯、理查德·安德森、乔·托克尔、克里斯蒂安·库布里克、Jerry Hausner,一将功成万骨枯,斯坦利·库布里克执导，堪称影史最具震撼力的反战电影之一。柯克·道格拉斯以炽烈演技诠释第一次世界大战期间一位法国上校的形象——当他的士兵因未能完成不可能的任务而被控怯战时，他毅然与军队高层的冷酷权威展开正面对抗。这部以精湛摄影呈现的沉郁之作，精准剖解了军事机器的荒谬本质与非人性化机制（这一主题将持续贯穿库布里克的创作生涯）。从压抑的战壕对峙到扣人心弦的法庭高潮，直至摧人心魄的结局场景，全片以这位传奇导演标志性的精准掌控力层层推进，铸就了这部不朽杰作。[标准收藏公司]
从前有个工作室,2023,2023-11-24,动画、家庭、奇幻、剧情、喜剧,9,83,英语,Dan Abraham、Trent Correy,,克里斯·迪曼托波罗斯、凯特琳·罗布罗克、Tony Anselmo、Bill Farmer、吉姆·卡明斯、奥丽伊·卡瓦洛、克里斯汀·贝尔、阿尼卡·诺丽·罗斯、雷蒙德·S·佩尔西,100 years of Disney magic comes together.,短片为迪士尼成立满100周年的纪念作品，导演崔伦特·柯瑞和丹·亚伯拉罕花了大约八个月时间构思，他们称该短片是写给华特迪士尼动画工作室的“情书”，也是“对过去一百年来与电影产生联系的观众表达感谢”。该短片登场的角色多达400多个，其中包括《石中剑》的梅林、《公主与青蛙》的蒂安娜、《冰雪奇缘系列》的艾莎、《星际宝贝系列》的史迪奇以及《四眼天鸡》的鸡丁，并由40多名配音员声演。
七号房的礼物,2019,2020-10-15,剧情,132,83,土耳其语,Mehmet Ada Öztekin,Kubilay Tat,Aras Bulut İynemli、妮莎·索菲亚·阿克松古尔、İlker Aksum、Mesut Akusta、Yıldıray Şahinler、Yurdaer Okur、Sarp Akkaya、Deniz Baysal、Deniz Celiloğlu,,梅莫（阿拉斯·布鲁特·伊涅姆利 Aras Bulut Iynemli 饰）虽然生得人高马大，但却只有相当于6岁孩童一般的智慧，他带着女儿奥瓦（妮莎·索菲亚·阿克松古尔 Nisa Sofiya Aksongur 饰），同奶奶法蒂玛（塞利尔·托扬·乌伊萨尔 Celile Toyon Uysal 饰）生活在一起，日子虽然过得紧巴巴的，但一家人能够团聚就是最大的快乐。  哪知道某日祸从天降，连一只蚂蚁都不愿意踩死的梅莫，竟然背负上了莫须有的杀人罪名，被关进了七号牢房中，单纯的梅莫并不知道自己即将面临怎样悲惨的命运。在监狱里，梅莫很快就和他的狱友们成为了朋友，梅莫开朗乐观的性格感染了周围的每一个人，给他们带来了快乐和希望，为了回报梅莫，这些曾经“穷凶极恶”的罪人们决定用他们的性命为筹码，来实现梅莫一个希冀已久的愿望。
迈克尔·杰克逊：颤栗,1983,1983-11-21,恐怖、音乐、惊悚,14,83,英语,约翰·兰迪斯,约翰·兰迪斯,迈克尔·杰克逊、Ola Ray、文森特·普莱斯、Cynthia Garris、米克·加里斯、Hanala Sagal、Forrest J. Ackerman、Reed Armstrong、Rick Baker,,黑人女青年（欧拉·蕾 Ola Ray 饰）跟男友（迈克尔·杰克逊 Michael Jackson 饰）因为汽车没油了走在回家的路上，男友像她示爱，女青年欣然接受，但是男青年向她透露自己跟常人不一样。正当女青年在犯迷糊之时男友已经趁着月光变身成了狼人，关键时刻镜头一转才发现真实的情况是这只是女青年和男友正在看的恐怖片。女青年因为害怕决定要早走，男友追上了她，解释一番过后两个嬉笑着回家。但是真正的危险正在发生，当他们路过一片墓地时，恐怖的食人尸都从地底下爬了出来……
狮子王,1994,1995-07-15,动画、家庭、剧情,89,83,英语,罗杰·艾勒斯、罗布·明科夫,乔纳森·罗伯茨、艾琳·梅奇、琳达·伍尔弗顿,马修·布罗德里克、莫伊拉·凯利、杰瑞米·艾恩斯、内森·莱恩、欧内斯特·萨贝拉、詹姆斯·厄尔·琼斯、罗伯特·吉尔劳姆、罗温·艾金森、乌比·戈德堡,最伟大的冒险，莫过于在生命的轮回中找到属于自己的位置。,辛巴是荣耀王国的小王子，他的父亲穆法沙是一个威严的国王。然而叔叔刀疤却对穆法沙的王位觊觎已久。要想坐上王位，刀疤必须除去小王子。于是刀疤利用种种借口让辛巴外出，然后伺机大开杀戒，无奈辛巴被穆法沙及时来救。在反复的算计下，穆法沙惨死在刀疤手下。刀疤一方面别有用心地劝辛巴离开，一方面派人将他赶尽杀绝。辛巴逃亡中遇到了机智的丁满和善良的彭彭，他们抚养辛巴长成雄壮的大狮子，鼓励他回去森林复国。在接下来一场复国救民的斗争中，辛巴真正长成一个坚强的男子汉，领会了责任的真谛。
乔西的虎与鱼,2020,2021-06-11,动画、剧情、爱情,98,82,日语,田村耕太郎,桑村沙耶香,中川大志、清原果耶、宫本侑芽、兴津和幸、琳恩、松寺千惠美、尾花宽治、盛山晋太郎、内田夕夜,Together they can fly.,专攻海洋生物学的恒夫，为了实现自己能够亲眼看一下只生活在墨西哥的梦幻鱼群的梦想，日夜不停地在进行着兼职打工。一天恒夫偶然遇见一个女孩坐在轮椅上，失控从斜坡上冲下来。得到了大学生恒夫救了这个女孩。这个女孩叫乔西，自幼便一直坐在轮椅上，她的祖母千津一直照顾乔西，和她相依为命。祖母千津向恒夫介绍了一份兼职工作。这份工作的内容就是听从乔西的要求，并想办法满足她。乔西活在自我世界里，可以遨游在自己感兴趣的绘画和书籍的海洋中。然而，她不善与他人交流且十分固执。乔希对恒夫非常刻薄，而恒夫也没有在意乔西是个残疾人，直率地回应她……
云上情歌,2020,2020-10-09,音乐、剧情,121,82,英语,贾斯汀·贝尔杜尼,卡拉·霍尔顿,芬·奥尔格斯、塞布丽娜·卡彭特、麦迪森·伊瑟曼、内芙·坎贝尔、托马斯·埃弗雷特·斯科特、里尔·莱尔·哈瓦瑞、莎莫·H·豪威尔、薇薇安·恩迪科特·道格拉斯、迪伦·埃弗雷特,Don't wait for tomorrow to live for today.,美国男孩扎克·索比赫14岁被诊断患有骨肉瘤(18岁去世)，多次手术和化疗并未遏制癌症发展，在得知自己只剩几个月寿命后，他创作了《云》这首歌，感谢自己身边的人和所经历的一切，乐观面对。
复仇者联盟4：终局之战,2019,2019-04-24,冒险、科幻、动作,181,82,英语,乔·罗素、安东尼·罗素,克里斯托弗·马库斯、斯蒂芬·麦克菲利,小罗伯特·唐尼、克里斯·埃文斯、马克·鲁法洛、克里斯·海姆斯沃斯、斯嘉丽·约翰逊、杰瑞米·雷纳、乔什·布洛林、唐·钱德尔、保罗·路德,逆转无限 不惜一切代价,灭霸集齐六颗无限宝石后的一声响指，让宇宙中半数生命灰飞烟灭。幸存的复仇者们几近绝望，即使找到灭霸，也发现无限宝石已经被毁，希望似乎彻底破灭。五年后，迷失在量子领域的蚁人意外回到现实世界，并带来了一个可能逆转一切的办法。托尼·斯塔克、美国队长等幸存的英雄再度集结，尝试穿越不同的时间节点寻找过去的无限宝石。然而在行动过程中，过去的灭霸也逐渐察觉了他们的计划。为了挽回失去的一切，复仇者们不得不再次面对一场决定整个宇宙命运的终极挑战……
洞,1960,1960-03-18,剧情、惊悚、犯罪,132,82,法语,雅克·贝克,雅克·贝克、何塞·乔凡尼、让·奥雷尔,迈克尔·康斯坦丁、Jean Keraudy、Philippe Leroy、Raymond Meunier、Marc Michel、Jean-Paul Coquelin、André Bervil、Eddy Rasimi、Philippe Dumat,可怜的小加斯帕……,在巴黎的一间牢房里，五名囚犯用尽全部的坚韧与智慧，试图通过精心挖掘的隧道重获自由。根据若泽·乔瓦尼的小说改编，雅克·贝克的这部影片在诗意的人文关怀与紧绷得令人窒息的危险氛围间取得了精妙的平衡。
城市之光,1931,1931-03-07,喜剧、剧情、爱情,87,82,英语,查理·卓别林,查理·卓别林、哈里·克罗克、哈里·卡尔,查理·卓别林、弗吉尼亚·切里尔、弗洛伦斯·李、哈里·迈尔斯、阿尔·欧内斯特·加西亚、汉克·曼恩、阿尔伯特·奥斯汀、埃迪·贝克、亨利·伯格曼,真爱盲目。,这部查理·卓别林最受珍爱的作品，亦是其流浪汉形象的终极篇章。在这部无声影片中，身兼编剧、导演与主演的卓别林达到了悲喜交融的新境界：可爱的流浪汉爱上街头卖花的失明少女（弗吉尼亚·切瑞尔诠释出魔幻般的纯真），却被女孩误认为百万富翁。尽管这部大萧条时期的轰动之作诞生于有声时代来临之后，卓别林仍毅然坚守对默片艺术表现力的热爱。最终成就了他个人艺术的巅峰，亦加冕为默片喜剧的不朽丰碑。
复仇者联盟3：无限战争,2018,2018-05-11,冒险、动作、科幻,156,82,英语,乔·罗素、安东尼·罗素,斯蒂芬·麦克菲利、克里斯托弗·马库斯,小罗伯特·唐尼、克里斯·埃文斯、克里斯·海姆斯沃斯、乔什·布洛林、马克·鲁法洛、斯嘉丽·约翰逊、唐·钱德尔、本尼迪克特·康伯巴奇、汤姆·赫兰德,十年布局 巅峰一役,来自宇宙深处的强大敌人灭霸开始寻找六颗无限宝石，企图利用它们的力量实现自己的计划。随着他的军团向地球和宇宙各处发动袭击，复仇者联盟、银河护卫队以及众多超级英雄被迫卷入这场前所未有的战争。此时的复仇者们仍因过去的分裂而各自行动，却不得不在不断逼近的危机中寻找彼此的力量。面对一个远比以往任何敌人都更加强大的对手，他们必须竭尽所能阻止灭霸集齐无限宝石，而整个宇宙的命运也因此悬于一线……
我想吃掉你的胰脏,2018,2019-01-18,动画、剧情、爱情,109,82,日语,牛岛新一郎,牛岛新一郎,高杉真宙、琳恩、藤井幸代、内田雄马、福岛润、田中敦子、三木真一郎、和久井映见、厚木那奈美,我想进入你的世界，活在你的心里 。,“没有名字的我，没有未来的她” 对他人毫无兴趣，总是独自一人读书的高中生“我”。这样的“我”有一天，偶然捡到一册写着《共病文库》的文库本。那是，天真烂漫的班上人气王·山内樱良私下记录的日记本。里面记载着她身患胰脏的疾病，已经时日无多……。隐藏自己的疾病度过日常的樱良，与知晓其秘密的“我”。— 两人的距离，还没有名字。
幽会百科,1965,1965-07-05,纪录,92,82,意大利语,皮埃尔·保罗·帕索里尼,,皮埃尔·保罗·帕索里尼、Lello Bersani、阿尔贝托·莫拉维亚、Cesare Musatti、Peppino Di Capri、Ezio Pascutti、William Negri、Carlo Furlanis、Giuseppe Ungaretti,,"这是一部探讨意大利人爱情与性观念的带有社会学性质的纪录片。影片向意大利各地、各种阶层，各种行业、各种年龄的男女们询问关于爱情和婚姻生活、性生活方面的各种问题，甚至采访孩子们“孩子是怎样生出来的”。他随意地把镜头和麦克风向着沐浴在阳光下悠闲散步的人们；在镜头后面，他向人们抛出了一个有关""爱情""――这是一个交叉着包容了性、夫妻、快乐、家庭、婚约以及风俗习惯、卖淫及其价格等多种范畴的模糊不定的领域――的问题。有的人把他的那些""不足为外人道""的回忆伪装改扮，说起来支支唔唔、顾左右而言它，而他们又时常收拾起他们自己的隐痛，喋喋不休地好象是别人的代言人；他们越聊越近乎，说出他们赞赏的事物和不满意之处；他们勾肩褡背、面面相觑。笑语、伤痛，还有些许狂热迅速在这一群人中间传递，波及每一个人。"
老男孩,2003,2003-11-21,惊悚、悬疑,120,82,朝鲜语,朴赞郁,朴赞郁、黄肇允、林俊亨,崔岷植、刘智泰、姜惠贞、金秉玉、池大汉、吴达洙、李胜欣、尹珍序、吴泰景,15年监禁……5天复仇。,女儿生日那天，中年男子吴大修（崔岷植饰）在醉酒回家路上，突遭不明身份的人绑架失踪。就此，他毫无理由地被囚禁在一个神秘的私人监狱中。寻死未果的吴大修，每天看电视，三餐吃煎饺。通过电视，他得知妻子已遭杀害，女儿下落不明，自己更被怀疑为凶手。就此，吴大修开始锻炼身体，决心复仇，并在牢中度过漫长的15年...
安逸人生,1962,1962-12-05,剧情、喜剧、冒险,105,82,意大利语,迪诺·里西,迪诺·里西、埃托雷·斯科拉、鲁杰罗·马卡里,维托里奥·加斯曼、让-路易斯·特林提格南特、凯瑟琳·斯巴克、Claudio Gora、Luciana Angiolillo、Linda Sini、Franca Polesello、Bruna Simionato、Lilly Darelli,,1962年的夏天，罗伯托和布鲁诺结伴去托斯卡纳地区游玩，这两人的性格年龄都大相径庭。罗伯托是个羞涩内向的学生，而布鲁诺则是个精力旺盛、反复无常的中年人。在旅途中两人慢慢熟悉了解，布鲁诺成功人士和上流社会的派头让罗伯托心生艳羡，但同时他也看到了布鲁诺空虚、肤浅和不快乐的另一面。
牯岭街少年杀人事件,1991,1991-07-27,犯罪、剧情、爱情,237,82,汉语,杨德昌,,张震、杨静怡、张国柱、金燕玲、王琄、张翰、姜秀琼、赖梵耘、谭至刚,,这部由杨德昌执导的台湾电影杰作，被誉为当代影坛最受推崇与渴求的作品之一。影片以六十年代初的台湾为背景，改编自一起震动全岛的真实案件。这部兼具宏大格局与私密情感的巨作，以小说般的笔触与沉静的凝视，聚焦一位少年（张震的银幕首秀）从纯真逐渐无可挽回地滑向犯罪深渊的过程，并交织着躁动青春、摇滚乐与政治动荡的压抑时代底色。
为了萨玛,2019,2019-07-26,纪录、战争,96,82,英语,Edward Watts、Waad al-Kateab,,Sama Al-Khateab、Hamza Al-Khateab、Waad al-Kateab,An intimate and epic journey into the female experience of war.,本片既是一段深入战争女性体验的私密旅程，也是一曲波澜壮阔的史诗。这部一位年轻母亲写给女儿的深情家书，以瓦德·卡提卜的镜头穿越叙利亚阿勒颇五年起义时光，记录她在战火蔓延中坠入爱河、缔结婚姻并诞下女儿萨玛的人生轨迹。在灾难性冲突愈演愈烈之际，她的摄像机捕捉到无数关于失去、欢笑与生存的震撼片段，而瓦德本人则深陷两难抉择——是否该为保护女儿生命逃离这座城市？离去意味着抛下她已付出巨大代价的自由抗争。
拯救大兵瑞恩,1998,1998-11-13,战争、剧情、历史,169,82,英语,史蒂文·斯皮尔伯格,,汤姆·汉克斯、汤姆·塞兹摩尔、爱德华·伯恩斯、巴里·佩珀、亚当·戈德堡、范·迪塞尔、吉奥瓦尼·瑞比西、杰瑞米·戴维斯、马特·达蒙,任务是拯救一个人,1944年，诺曼底登陆期间。经历奥马哈海滩的惨烈战斗后，约翰·米勒上尉突然接到一项特殊命令：深入德军控制区，寻找失散的伞兵詹姆斯·瑞恩。瑞恩家中四兄弟均在军中服役，其中三人已经先后阵亡，为了避免他们的母亲失去最后一个儿子，美军决定将瑞恩找到并安全送回家。米勒只得带领七名士兵离开正在推进的部队，深入危机四伏的法国战场寻找一个素未谋面的人。随着搜寻不断深入，小队不仅要面对随时可能出现的德军，也开始无法回避同一个问题：为了拯救一个人的生命，让更多人冒险甚至牺牲，究竟是否值得……
天地玄黄,1992,1993-11-19,纪录,97,82,英语,罗恩·弗里克,,帕特里克·迪桑托,A world beyond words.,我们是谁？从哪里来？又将归往何处？这些问题和我们的生存息息相关，但却很少有人能够给出准确的答案。历时14个月，穿越24个国家，导演罗恩·弗里克（Ron Fricke）用镜头向我们展示了大自然能够拥有的最壮阔最绚丽的景致——从远古到现在，从猿猴到人类，从荒无人烟的沙漠到震撼人心的宗教活动现场，从广袤天地带来的感动到婴孩单纯的笑脸给予的幸福，我们会发现，很多时候，我们并不能意识到，这美好的一切正时时刻刻的发生在我们身边。全片没有台词，片名Baraka在古伊斯兰语中代表祝福，这也是导演拍摄此片的初衷，祝福与我们共同存在在这颗蔚蓝地球上的一切。
海上钢琴师,1998,2019-11-09,剧情、音乐,170,82,意大利语,朱塞佩·托纳多雷,朱塞佩·托纳多雷、亚历山德罗·巴里科,蒂姆·罗斯、普路特·泰勒·文斯、梅兰尼·蒂埃里、比尔·努恩、加布里埃尔·拉维亚、克兰伦斯·威廉姆斯三世、彼得·沃恩、尼尔·奥布赖恩、阿尔贝托·巴斯克斯,这是一个关于一个无所不能的男人的史诗故事……唯独无法平凡。,1900年，一个被遗弃的婴儿出现在往返欧美的弗吉尼亚号上，被船上的锅炉工丹尼收养，并以新世纪的年份取名为“1900”。丹尼意外去世后，1900继续在船上长大，并逐渐展现出无师自通的惊人钢琴天赋，成为弗吉尼亚号上的钢琴师。他的演奏吸引着来自世界各地的乘客，也让他与小号手麦克斯结下深厚友谊。然而无论船只多少次靠岸，1900始终没有真正踏上陆地，对他而言，这艘船和八十八个琴键就是自己熟悉的整个世界。直到一次偶然的邂逅，让从未离开过大海的他第一次认真考虑走下弗吉尼亚号，面对那个没有边界的陌生世界……
黑帮悍将,1993,1993-02-05,犯罪、剧情、惊悚,190,82,英语,泰勒·哈克福德,Jeremy Iacone、Jimmy Santiago Baca、Floyd Mutrux,达米安·查帕、杰西·博雷戈、本杰明·布拉特、恩里克·卡斯蒂略、Victor Rivers、德尔罗伊·林多、汤姆·托尔斯、卡洛斯·卡拉斯科、Teddy Wilson,An epic story of three brothers. Bound by blood. Divided by fate. Driven by destiny.,影片以诗人吉米·圣地亚哥·巴卡的真实生活经历为基础，重点讲述了帕科和克鲁兹的同父异母兄弟，以及他们的两个种族表兄米科。影片于1972年开拍，因为这三人是洛杉矶东部一个叫“瓦托斯机车”的团伙的成员，故事的重点是暴力犯罪和毒品的影响如何改变他们的生活。
角斗士,2000,2000-08-12,动作、剧情、冒险,155,82,英语,雷德利·斯科特,大卫·弗兰佐尼、约翰·洛根、威廉·尼科尔森,罗素·克劳、华金·菲尼克斯、康妮·尼尔森、奥利弗·里德、理查德·哈里斯、德里克·雅各比、杰曼·翰苏、大卫·斯科菲尔德、约翰·斯拉普内尔,英雄崛起。,马克西蒙斯是罗马帝国战功显赫，受人拥戴的大将军。老国王马库斯·奥利利乌斯对大将军赏识有加，有意加冕于他。老国王对将军这种超越亲情的宠爱自然招来太子康莫迪乌斯的妒忌与不安，太子伺机杀害父亲，抢先登上王位，并马上下令诛杀大将军一家。马克西蒙斯死里逃生躲过暴君的魔爪，可是他所有的家人都未能幸免于难，返回家园，他只看到满目疮痍的破败景象。走投无路的马克西蒙斯只能投身为奴，从昔日的大将军沦为一名角斗士，在血腥厮杀中苟且求生。凭借英勇的气魄和高超的武艺，马克西蒙斯渐渐脱颖而出，晋级到罗马的大角斗场。这一次，他的剑直指暴君康莫迪乌斯，失去亲人的痛苦，沦为奴隶的屈辱，在马克西蒙斯的内心燃起了熊熊怒火。
鬼灭之刃：无限列车篇,2020,2020-10-16,动画、动作、奇幻,117,82,日语,外崎春雄,,花江夏树、鬼头明里、下野纮、松冈祯丞、日野聪、樱井孝宏、小西克幸、早见沙织、铃村健一,挥舞此刀，断绝梦魇,炭治郎等人完成蝴蝶屋的训练，下一个目的地是开往黑暗的无限列车。以多人行踪不明的这辆列车为舞台，炭治郎带着祢豆子与善逸、伊之助一行人，与鬼杀队最强剑士〝柱〞其中之一炎柱炼狱杏寿郎会合，新的任务即将开始！
青春猪头少年不会梦到怀梦美少女,2019,2019-06-15,动画、爱情、剧情、奇幻,90,82,日语,增井壮一,横谷昌宏,石川界人、濑户麻沙美、水濑祈、东山奈央、种崎敦美、内田真礼、久保由利香、内田雄马、佐藤聪美,时间与记忆、我都一起带到未来,居住在天空与海洋辉映的城镇“藤泽”的梓川咲太，就读高中二年级。
一年中的生活,2020,2020-11-27,剧情、爱情,107,82,英语,Mitja Okorn,,贾登·史密斯、卡拉·迪瓦伊、小库珀·古丁、克里斯·德埃利亞、JT Neal、Stony Blyden、彼得·麦克尼尔、罗伯特·菲茨杰拉德·迪格斯、尼娅·朗,,泰伦斯·霍华德(《嘻哈帝国》)确认加盟加盟新片[一年中的生活](Life In A Year，暂译)。该片将由Mitja Okorn执导，讲述一个17岁的男孩，在发现患有癌症的女朋友只剩下一年的生命后，决定在她还没离去的这一年给她一个完整的人生。贾登·史密斯、卡拉·迪瓦伊加盟主演，泰伦斯饰贾登的父亲。
绿皮书,2018,2019-03-01,剧情、喜剧、历史,130,82,英语,彼得·法雷利,,维果·莫特森、马赫沙拉·阿里、琳达·卡德里尼、塞巴斯蒂安·马尼斯科、迪米特·D·马里诺夫、迈克·哈顿、P·J·伯恩、约瑟夫·科尔特斯、Mary Agnes Nixon,世界上那么多孤独的人 因为他们都没有勇气迈出第一步,1962年，纽约。夜总会因装修暂时停业后，托尼·利普急需寻找一份新工作，并受雇成为知名黑人钢琴家唐·雪利的司机兼保镖。唐·雪利即将展开为期八周的美国南方巡演，而在当时种族隔离与歧视依然严重的南部地区，两人不得不依靠一本为黑人旅行者提供安全食宿信息的“绿皮书”一路前行。性格、出身和生活方式截然不同的两人在旅途中冲突不断，却也在共同面对偏见与危险的过程中逐渐了解彼此，建立起一段跨越种族与阶层的友谊……
GIVEN 被赠与的未来 剧场版,2020,2020-08-22,动画、剧情、音乐、爱情,59,82,日语,山口光,绫奈由仁子,江口拓也、中泽匡智、矢野奖吾、内田雄马、浅沼晋太郎,想要在你身边继续歌唱,高中生上山立夏热爱演奏吉他，与春树和秋彦合组一个小乐队。某个午休，他意外帮佐藤真冬修好吉他弦后，被真冬拜托教吉他，而后又在听到真冬的歌声后邀请他加入乐队。立夏在相处的过程中渐渐喜欢上真冬，真冬有一个彼此互相喜欢并支持的青梅竹马，但那个人却自杀了，因那个人喜欢吉他，真冬才一直很想学。那个人没有做到的事，没有坚持的陪伴，立夏都帮他实现了，真冬也开始慢慢喜欢上立夏。另外一对CP春树和秋彦，春树一直默默喜欢着秋彦，为他留着长发，但秋彦却与极具音乐才华的小提琴家雨月同居在一起。动画影集以高中生的真冬与立夏两人间悲伤恬淡的爱情为主轴，首部剧场版则为大人组三人的春树、秋彦、雨月，炽热的三角恋拉开序幕。
福音战士新剧场版：终,2021,2025-10-31,动画、动作、科幻、剧情,154,82,日语,庵野秀明、前田真宏、鹤卷和哉、中山胜一,庵野秀明,绪方惠美、宫村优子、坂本真绫、林原惠美、三石琴乃、山口由里子、关智一、岩永哲哉、岩男润子,再见了，所有的福音战士。,成为“第三次冲击”元凶的碇真嗣，变得像废人一样……真嗣还能振作起来吗？2012年《福音战士新剧场版：Q》之后，这部动画讲述了被封印的故事的后续。
穿靴子的猫2,2022,2022-12-23,动画、冒险、奇幻、喜剧、家庭,103,82,英语,乔尔·克劳福德,汤米·斯威德洛、保罗·费舍尔,安东尼奥·班德拉斯、萨尔玛·海耶克、哈维尔 吉伦、瓦格纳·马拉、弗洛伦丝·皮尤、奥利维娅·科尔曼、雷·温斯顿、萨姆森·卡约、约翰·穆拉尼,Say hola to his little friends.,时隔11年，臭屁自大又爱卖萌的猫大侠回来了！如今的猫大侠（安东尼奥·班德拉斯 配音），依旧幽默潇洒又不拘小节、数次“花式送命”后，九条命如今只剩一条，于是不得不请求自己的老搭档兼“宿敌”——迷人的软爪妞（萨尔玛·海耶克 配音）来施以援手来恢复自己的九条生命。
超级马力欧银河大电影,2026,2026-04-03,家庭、喜剧、冒险、奇幻、动画,98,82,英语,迈克尔·杰勒尼克、亚伦·霍瓦特,马修·福格尔,克里斯·帕拉特、查理·戴、安雅·泰勒-乔伊、杰克·布莱克、科甘-迈克尔·凯、本杰明·萨夫迪、格伦·鲍威尔、布丽·拉尔森、唐纳德·格洛弗,星系在召唤。,击败酷霸后，马力欧和路易吉在蘑菇王国开始了新的生活，并结识了新伙伴耀西。与此同时，酷霸Jr.为了救出父亲、重振酷霸家族，将目标指向生活在彗星天文台、守护奇可们的罗莎塔公主。随着碧姬公主的生日庆典被突如其来的危机打破，马力欧、路易吉、碧姬公主、奇诺比奥和耀西踏上跨越银河的全新冒险，在一个个陌生世界中追寻罗莎塔的下落，并阻止酷霸Jr.的计划……
狼的孩子雨和雪,2012,2012-07-21,动画、家庭、剧情、奇幻,117,82,日语,细田守,细田守、奥寺佐渡子,宫崎葵、大泽隆夫、黑木华、西井幸人、大野百花、加部亚门、平冈拓真、林原惠美、上白石萌音,"One mother, two worlds, endless sacrifice...",在某国立大学念书的花（宫崎葵 配音）与偶然来校旁听的男子（大泽隆夫 配音）坠入爱河，即使对方是一名狼人，她也义无反顾投入对方怀抱。此后的岁月里，花先后生下女儿小雪和儿子小雨。谁知厄运突然降临，温柔的丈夫撒手人寰。柔弱而坚强的花竭尽全力抚养两个孩子长大，吃穿用度，衣食住行 ，无一不牵扯她的心思。而子女狼人的身份也迫使他们离开繁华大都市，前往宁静的山野乡村求生。他们在一栋古旧的民房内落脚，小雪顽劣张扬，小雨纤细内敛，姐弟俩以狼的身姿穿行于深山密林，享受着前所未有的快乐与自由。在此期间，以韭崎爷爷（菅原文太 配音）为代表的村民也给花一家带来无微不至的关怀。小雪和小雨渐渐长大，他们也终于迎来决定身份和前路的重要时刻……
砂之女,1964,1964-02-15,剧情、惊悚,123,82,日语,敕使河原宏,安部公房,冈田英次、岸田今日子、三井弘次、伊藤弘子、矢野宣、观世荣夫、Ginzô Sekiguchi、Kiyohiko Ichihara、西本裕行,令人魂牵梦萦。情色撩人。难以忘怀。,一个昆虫学家（冈田英次 饰）在沙漠做野外考察，却不慎错过归程班车，被困在一个沙漠中的小村子里。他落脚在一个寡妇（岸田今日子 饰）家，被招待之后发现通往外界的路已经被封住。他慢慢观察村子的各种古怪，比如全部村民每到夜晚都要出动铲沙，以免居住的房屋被沙子埋掉，所有的水都受到管制，实行配给制使用等。收留他的寡妇开始用身体诱惑他，试图和他重组一个家庭，他几次三番尝试逃走都以失败告终，只好表面上虚与委蛇，进入村子定期劳动、享受配给的生活模式，但他内心始终在做逃走的打算。一日，寡妇突发急病，被医生诊断为意外怀孕，大家手忙脚乱带她去送医，男人终于有了千载难逢的逃走机会……
克劳斯：圣诞节的秘密,2019,2019-11-08,动画、家庭、喜剧,97,82,英语,塞尔吉奥·巴勃罗斯,塞尔吉奥·巴勃罗斯、Jim Mahoney、Zach Lewis,杰森·薛兹曼、J·K·西蒙斯、拉什达·琼斯、琼·库萨克、Norm Macdonald、威尔·萨索、塞尔吉奥·巴勃罗斯、Mila Brener、Neda Margrethe Labba,A true selfless act always sparks another.,贾斯帕（詹森·舒瓦兹曼饰）被认为是邮政学院最差的学生，他驻扎在北极圈内的一个冰冻岛屿上，那里的当地人之间几乎不交流，更不用说写信了。当贾斯帕准备放弃之时，他找到了自己的盟友阿尔娃（当地的一名教师，拉什达·琼斯饰），并发现了克劳斯（奥斯卡奖得主 J·K·西蒙斯饰），克劳斯是一个神秘的木匠，独自住在一个满是手工玩具的小屋里。这几段不可思议的友谊让斯密伦斯堡又重新充满了欢声笑语，创造出了新的故事，这里有慷慨的邻居、神奇的传说和小心翼翼挂在烟囱上的长袜。《克劳斯：圣诞节的秘密》是一部节日喜剧动画片，由《神偷奶爸》联合创剧人塞尔希奥·巴勃罗斯担任导演，由琼·库萨克、威尔·萨索和诺曼·麦克唐纳徳联袂主演。
无耻混蛋,2009,2010-10-14,剧情、惊悚、战争,153,82,英语,昆汀·塔伦蒂诺,,布拉德·皮特、梅拉尼·罗兰、克里斯托弗·瓦尔兹、伊莱·罗斯、迈克尔·法斯宾德、黛安·克鲁格、丹尼尔·布鲁赫、蒂尔·施威格、吉迪恩·伯克哈德,一场可耻的，喧闹刺激的复仇之旅。,故事分五章进行。二战中德占法国，德军上校汉斯（克里斯托弗·瓦尔兹 Christoph Waltz 饰）号称“犹太猎人”，在一次屠犹行动中，少女苏珊娜（梅勒尼·劳伦特 Mélanie Laurent 饰）侥幸逃脱。与此同时，八名美国犹太士兵在中尉奥尔多（布拉德·皮特 饰） 的带领下潜入德占法国刺杀德国军人，其行动神出鬼没，手法残忍，对德军造成相当威胁，被称为“杂种”。三年后苏珊娜来到巴黎继承了姑母的电影院，结识了德国战斗英雄，电影《国家荣耀》的主演弗里德里克（丹尼尔·布鲁赫 Daniel Brühl 饰）。对苏珊娜一见钟情的弗里德里克说服德国宣传部长约瑟夫·戈培尔（西尔维斯特·格洛斯 Sylvester Groth 饰）在苏珊娜的影院首映《国家荣耀》，希特勒（马丁·乌特克 Martin Wuttke 饰）本人也将出席。苏珊娜决定借放映之机烧毁影院；而在德国间谍女演员布里奇特（戴安娜·克鲁格 Diane Kruger 饰）的安排下，英美联合的刺杀行动“奇诺”也将在首映当晚行动……
五尺天涯,2019,2019-10-18,爱情、剧情,116,82,英语,贾斯汀·贝尔杜尼,,海莉·卢·理查森、科尔·斯普劳斯、莫伊塞斯·阿里亚斯、金博利·赫伯特·格雷戈里、帕敏德·纳格拉、克莱尔·弗兰妮、艾米丽·巴尔多尼、加里·威克斯、Cynthia Evans,"When life keeps you apart, fight for every inch.",17岁女孩Stella和男孩Will身患囊肿性纤维化疾病，他们在医院治疗的过程中相识相爱，两人必须抓紧每分每秒活着的时间。他们的爱情能够战胜疾病和死亡吗？
单向乐队：这就是我们,2013,2013-08-30,纪录、音乐,92,82,英语,Morgan Spurlock,,哈里·斯泰尔斯、泽恩·马利克、奈爾·霍蘭、Louis Tomlinson、Liam Payne、Simon Cowell、马丁·斯科塞斯、克里斯·洛克、Jon Shone,Experience their lives on the road,继贾斯汀-比伯、凯蒂-佩瑞之后，英国当红偶像团体“单向乐队”(One Direction)也将拥有自己的3D音乐会纪录片，索尼公司今天宣布这部名为《单向乐队》(One Direction)的3D纪录电影将于2013年8月30日上映，索尼旗下三星影业(TriStar Pictures)将负责发行。
致命魔术,2006,2006-11-10,剧情、悬疑、科幻,130,82,英语,克里斯托弗·诺兰,克里斯托弗·诺兰、乔纳森·诺兰,休·杰克曼、克里斯蒂安·贝尔、迈克尔·凯恩、派珀·佩拉博、丽贝卡·豪尔、斯嘉丽·约翰逊、Samantha Mahurin、大卫·鲍伊、安迪·瑟金斯,千万别眨眼,19世纪末的伦敦，罗伯特·安吉尔与阿尔弗雷德·伯登都是充满野心的年轻魔术师，曾经作为伙伴一起登台表演。然而一次意外造成的悲剧彻底改变了两人的关系，让昔日伙伴变成势不两立的竞争对手。此后，他们各自建立自己的舞台事业，不断钻研新的魔术，也开始想尽办法窥探、破坏甚至超越对方的表演。当伯登推出一个近乎不可能破解的惊人幻术后，安吉尔对其中的秘密愈发执着，甚至将目光投向正在迅速发展的实验科学。随着两人的竞争逐渐演变成无法停止的痴迷，他们愿意为成为最伟大的魔术师付出的代价也越来越高……
星球大战4：新希望,1977,1977-05-25,冒险、动作、科幻,121,82,英语,乔治·卢卡斯,,马克·哈米尔、哈里森·福特、凯丽·费雪、彼得·库欣、亚历克·吉尼斯、安东尼·丹尼尔斯、肯尼·贝克、彼得·梅休、大卫·鲍罗斯,很久很久以前，在遥远的银河系……,很久以前，在一个遥远的银河系……莱娅公主被邪恶的帝国势力挟为人质，企图镇压反抗银河帝国的起义军。卢克·天行者与汉·索罗船长携手可爱的机器人搭档R2-D2和C-3PO，共同踏上拯救美丽公主、恢复银河系正义的征程。[20世纪福克斯]
相助,2011,2012-04-23,剧情,146,82,英语,塔特·泰勒,塔特·泰勒,艾玛·斯通、维奥拉·戴维斯、布莱丝·达拉斯·霍华德、奥克塔维亚·斯宾瑟、杰西卡·查斯坦、阿娜·欧蕾利、艾莉森·詹尼、安娜·坎普、Eleanor Henry,从一句悄悄话开始改变,上世纪60年代，在密西西比州，黑佣艾比里恩（维奥拉•戴维斯 Viola Davis 饰）勤勤恳恳照顾女主人的女儿，后者因产后抑郁症只顾与闺蜜贪欢。密西西比大学毕业生斯基特（艾玛•斯通 Emma Stone 饰）在报社负责家庭主妇信箱，并由此开始黑佣的生存状态。其中，希利（布莱丝•达拉斯•霍华德 Bryce Dallas Howard 饰）无疑是反面教材，她态度傲慢，对黑佣米妮（奥克塔维亚•斯宾瑟 Octavia Spencer 饰）抱有偏见，并力主黑佣不能与主人共用厕所。最终因不堪受辱，米妮愤然离去，并以牙还牙，假借道歉之机让她蒙羞。斯基特开始采访艾比里恩和米妮，希望了解黑佣的生存状态，并为自己的新书积累素材。与此同时，马丁路德金领导的平权运动正在如火如荼地开展，而斯基特所在的密西西比州正是斗争的前沿，因为黑人遭射杀的血案，种族隔离开始，一场肤色之争在所难免……
宇宙小子大电影,2019,2019-08-26,动画、家庭、冒险、奇幻、剧情、电视电影,90,82,英语,瑞贝卡·舒格,,Zach Callison、Deedee Magno Hall、Estelle、米凯拉·迪茨、Sarah Stiles、Tom Scharpling、乌佐·阿杜巴、Shelby Rabara、Jennifer Paz,The true kinda love.,讲述史蒂文以为他保护地球的日子结束了，但新的反派来到沙滩市，史蒂文平静美丽的日子也完了，他遇到了人生中最大的挑战。
控方证人,1957,2025-11-28,剧情、悬疑、犯罪,116,82,英语,比利·怀尔德,比利·怀尔德、哈里·库尔尼茨,泰隆·鲍华、玛琳·黛德丽、查尔斯·劳顿、爱尔莎·兰切斯特、约翰·威廉姆斯、亨利·丹尼尔、伊恩·沃尔夫、托林·撒切尔、诺玛·瓦尔登,我们时代最激动人心的娱乐盛宴！,本片改编自阿加莎·克里斯蒂同名小说。  伦敦著名刑案辩护律师韦菲爵士接受了心脏病治疗，但是身体依旧虚弱，第一天回家休养，护士一直严厉监督他服药，并杜绝烟酒。管家为了便于上楼，还专门为他修了电梯。但是，种种关心照顾，对于这位桀骜不驯、牙尖嘴利的大律师根本不起作用，反倒是一纸诉状令他倍感兴奋。律师梅休和当事人沃尔登门拜访，请他出山打官司。原来，沃尔结识了富婆，两人相见甚欢，虽然仆人对他发明的打蛋器充满鄙夷，但是富婆却对他充满爱意，甚至为他修改了遗嘱，把8万英镑留给了他。然而，富婆却惨遭毒手。于是，沃尔成为警方的头号嫌疑犯。他的唯一证人是妻子克里斯汀，然而后者登门时的冷漠与淡定，令韦菲爵士怀疑这其中另有隐情。在扑朔迷离的案件背后，隐藏着一个个环环相扣、不可告人的秘密……
闪灵,1980,2026-01-30,恐怖、惊悚,143,82,英语,斯坦利·库布里克,斯坦利·库布里克、黛安·约翰逊,杰克·尼科尔森、谢莉·杜瓦尔、丹尼·劳埃德、斯加特曼·克罗索斯、巴瑞·尼尔森、菲利普·斯通、乔·托克尔、安妮·杰克逊、托尼·伯顿,现代恐怖小说的杰作。,杰克是一个作家。一个冬天，他得到了一个看管山顶酒店的差事。这正合杰克的意思，他正好可以有一个幽静的地方写作。于是杰克带着妻儿搬进了酒店。冬天大雪封路，山顶酒店只有杰克一家三口。从他们一搬进来，杰克的妻子温蒂就发现这里气氛诡异，杰克的儿子丹尼经常看到一些他不认识的人，但这里除了他们一家别无他人。而杰克除了一整天闷头写作外，脾气亦变得越来越古怪。直到有一天，温蒂发现丈夫这些天来一直写就只有一句话：杰克发疯了！
泰勒·斯威夫特：“举世盛名”巡回演唱会,2018,2018-12-31,音乐,125,82,英语,保罗·达格代尔,,泰勒·斯威夫特、查莉XCX、卡米拉·卡贝洛、大卫·库克、阿莫斯·海勒、埃利奥特·伍德福德、杰斯林·戈尔曼、卡米拉·马歇尔、马特·比林斯利,在名誉的废墟之上，她第一次触摸到了真实的生命。,您已读过头条，听过传闻，而现在她将用红唇唱出真相。泰勒·斯威夫特将赠予全世界观众近距离观赏“泰勒·斯威夫特的名誉体育场巡回演唱会”在美国最后一场表演的机会，该巡回演唱会是美国历史以来销售额最高的巡演，现在仅在 Netflix 上放映！这部传奇的演唱会电影将展示火焰特技、烟花、数个场景以及 63 英尺的眼镜蛇卡林。《泰勒·斯威夫特的名誉体育场巡回演唱会》将从 12 月 31 日起在 Netflix 上面向全球上线，您可以随处观看这场销售一空并追高清囊括 6 万人的表演——无论是在家庭聚会上，东区的酒吧里，还是在沙发上和猫一起看。无论如何，这都将是一个最佳的新年夜计划。你准备好了吗？
寻梦环游记,2017,2017-11-22,家庭、动画、音乐、冒险,105,82,英语,李·昂克里奇,Matthew Aldrich、阿德里安·莫利纳,安东尼·冈萨雷斯、盖尔·加西亚·伯纳尔、本杰明·布拉特、阿兰娜·乌巴赫、芮妮·维克多、海梅·卡米尔、阿方索·阿劳、Herbert Siguenza、Gabriel Iglesias,在爱的记忆消失前 请记住我,热爱音乐的少年米格出生在一个世代禁止族人接触音乐的家庭，却始终梦想成为偶像德拉库斯那样出色的音乐家。亡灵节当天，一连串意外让他闯入了绚丽神秘的亡灵世界。为了在天亮前回到家人身边，米格踏上寻找答案的旅程，并结识了落魄却机灵的乐手埃克托。两人在亡灵世界中一路同行，米格也逐渐接近家族尘封多年的往事，以及那条延续数代的音乐禁令背后的真正原因……
对一个不容怀疑的公民的调查,1970,1970-02-12,剧情、惊悚,111,82,意大利语,Elio Petri,Elio Petri、乌戈·皮罗,吉安·玛丽亚·沃隆特、Florinda Bolkan、Gianni Santuccio、Orazio Orlando、Sergio Tramonti、Arturo Dominici、Aldo Rendine、Massimo Foschi、Aleka Paizi,,这位极具挑衅性的意大利电影导演埃利奥·佩特里在国际上最受赞誉的作品，便是这部荣获奥斯卡奖、令人震撼且直击人心的杰出惊悚片。在讲述一位罗马警探调查一桩令人发指的罪行——而凶手正是他自己——这一卡夫卡式故事时，佩特里巧妙维系了荒诞与写实间的平衡。影片既是对人物的深刻剖析，亦是对1960年代末至70年代初意大利政府高压镇压的尖锐评论。佩特里对超现实官僚体系的动态描摹，呈现出一幅反常又愉悦的受控混乱图景。[标准收藏]
摇篮,2024,2024-08-23,剧情、家庭,123,82,英语,亚历克斯·肯德里克,,Aspen Kennedy Wilson、普莉希拉·希勒、Cameron Arnett、凯伦·阿伯克龙比、T.C.斯托林斯、B.J. Arnett、肯  拜博、本杰明·查尔斯·沃森、乔纳森·埃文斯,Whoever wants the next generation the most will get them.,高中毕业后，以赛亚对未来没有任何规划，他受到激励，开始做出更好的人生决定。
禁闭岛,2010,2010-02-18,剧情、惊悚、悬疑,138,82,英语,马丁·斯科塞斯,莱塔·卡罗格里迪斯,莱昂纳多·迪卡普里奥、马克·鲁法洛、本·金斯利、马克斯·冯·西多、米歇尔·威廉姆斯、艾米莉·莫迪默、帕特里夏·克拉克森、杰基·厄尔·哈利、泰德·拉文,有些地方永远不会让你走。,故事发生于波士顿海湾的一座与世隔绝的小岛上，66名精神病罪犯被关押于此，传言岛上正在进行种种人体实验。重重戒备之下，一个杀害了三个亲生孩子的女犯雷切尔，竟诡异失踪。联邦执法官泰德·丹尼尔和搭档查克奉命上岛调查此事。而泰德此行前来还有一个隐秘的目的——寻找让妻子 葬身火海的凶手。故事遵循这条线索展开，寻找失踪之谜、访问医院工作人员与病人、地毯式搜查……泰德查遍全岛，意外发现岛上多出一份神秘档案：第67号病人的 ！岛上所有秘密无不纠结于这个多出来的人。但究竟谁是67号？
男孩、鼹鼠、狐狸和马,2022,2022-12-02,动画、家庭、剧情、冒险,35,82,英语,Charlie Mackesy、Peter Baynton,,Jude Coward Nicoll、汤姆·霍兰德尔、伊德瑞斯·艾尔巴、加布里埃尔·伯恩,一次寻找家的旅行。,查理·麦克西的同名绘本改编的手绘动画，关于善良、友谊、勇气和希望，通过一段辛酸而真挚的旅程，讲述了一个男孩、一只鼹鼠、一只狐狸和一匹马，四个孤独的灵魂在寻找家的过程中结伴而行，并在彼此身上找到了自己存在的意义。
防弹少年团世界巡回演唱会：在首尔爱自己,2019,2019-01-26,音乐,160,82,朝鲜语,Son Sung-deuk,,RM、Jin、SUGA、j-hope、Jimin、金泰亨、田柾国,,"在 BTS 世界巡回演唱会 ""Love Yourself ""期间于首尔奥林匹克体育场拍摄，以庆祝这个全球男孩组合的七名成员及其前所未有的国际现象。"
妈咪,2014,2014-09-19,剧情,138,82,法语,泽维尔·多兰、Michèle Lituac,泽维尔·多兰,Anne Dorval、Suzanne Clément、Antoine Olivier Pilon、Patrick Huard、Alexandre Goyette、Michèle Lituac、Viviane Pacal、娜塔莉·哈默尔-罗伊、伊莎贝尔·内利斯,爱他人并不能拯救他们。,单亲妈妈戴安（安妮·杜尔瓦勒 Anne Dorval 饰）大大咧咧，抽烟喝酒满口脏话，有着一颗不服输的心。她独自抚养患有多动症、常做出暴力行为的儿子斯蒂夫（安托万-奥利弗·波尼安 Antoine-Olivier Pilon 饰），母子关系游走在爆炸的边缘。戴安担心斯蒂夫惹是生非，斯蒂夫迫切想表达对妈妈的爱。新邻居凯拉（苏珊娜·克莱蒙 Suzanne Clément 饰）适时出现，这位患有失语症的高中女教师充当了母子的缓冲阀，让三个人都开始看到平衡和希望。然而斯蒂夫以前暴力行为带来的后果正在发酵，戴安需要支付一大笔赔偿金。她决定出卖自己的幸福并且做出一个痛苦决定：将儿子送回医院接受治疗......  《妈咪》是加拿大年轻导演泽维尔·多兰执导的第五部剧情长片，与多兰五年前在戛纳导演双周单元惊艳亮相的处女作《我杀了我妈妈》构成对照，同样讲述单亲家庭中狂躁而又深刻、依赖而又隔膜的母子关系。但不同于《我杀了我妈妈》的高度自传属性，《妈咪》更加宽厚和温暖，情绪更加饱满，几乎可以看作是多兰为自己处女作年少轻狂做出的一份愧意表达。本片入围第67届戛纳电影节主竞赛单元，与《再见语言》并列评审团奖。
自己去看,1985,1985-07-09,剧情、战争、恐怖、历史,136,82,俄语,埃莱姆·克利莫夫,埃莱姆·克利莫夫、阿莱斯·阿达莫维奇,阿列克谢·叶夫根耶维奇·克拉夫琴科、Olga Mironova、Liubomiras Laucevičius、Vladas Bagdonas、Jüri Lumiste、Viktors Lorencs、Kazimir Rabetsky、Yevgeni Tilicheyev、Aleksandr Berda,战争最残酷的一面。,这是一部很特殊的战争题材电影，它真实地描写了德占区人民的悲惨遭遇和场面，以及人们面对突如其来的灾难的恐惧，反映了战争的真实面目。它既不同于《斯大林格勒保卫战》、《攻占柏林》这些正面战场的血肉横飞、排山倒海、摧枯拉朽，也不同与《这里的黎明静悄悄》、《星》所描写的局部战斗中体现的平凡悲壮，更不是战地浪漫曲，而是降临在平民百姓头上血淋淋的残酷。影片的事件和恐怖场面远超过任何一部描写德军集中营的电影，令人毛骨悚然，提醒胆小和心软者慎看。
血战钢锯岭,2016,2016-12-08,剧情、历史、战争,139,82,英语,梅尔·吉布森,罗伯特·申坎、安德鲁·奈特,安德鲁·加菲尔德、萨姆·沃辛顿、文斯·沃恩、泰莉莎·帕尔墨、卢克·布雷西、雨果·维文、瑞切尔·格里菲斯、瑞安·科尔、理查德·劳斯伯格,夭矫慕清颜 野村出少年 行伍多龃龉 矢志不为迁 百死身未远 侠骨锻烽烟 黄沙葬焦骨 孰叹孰疯癫,第二次世界大战期间，来自弗吉尼亚州的戴斯蒙德·道斯主动参军，希望以医疗兵的身份救助战场上的伤员。然而由于个人信仰，他坚持不携带武器，也拒绝杀害任何人，这一选择让他在军营中遭到战友和上级的质疑、排斥，甚至一度面临无法继续服役的困境。尽管如此，道斯始终没有放弃自己的原则，也不愿放弃奔赴前线救人的愿望。当他最终随部队来到冲绳岛，被派往伤亡惨重的钢锯岭战场时，这个从未拿起过武器的医疗兵，也将在真正的枪林弹雨中面对对信念与勇气最严酷的考验……
被解救的姜戈,2012,2013-05-12,剧情、西部,163,82,英语,昆汀·塔伦蒂诺,,杰米·福克斯、克里斯托弗·瓦尔兹、莱昂纳多·迪卡普里奥、凯丽·华盛顿、塞缪尔·杰克逊、沃尔顿·戈金斯、丹尼斯·克里斯托弗、詹姆斯·瑞马尔、大卫·斯廷,生命、自由与复仇的追求。,姜戈是一名奴隶，他与前主人间那段饱受虐待的过往，让他最终与德裔赏金猎人金·舒尔茨医生狭路相逢。舒尔茨正在追踪杀人如麻的布里特尔兄弟，而只有姜戈能带他找到这帮悬赏目标。行事不循常规的舒尔茨赎下了姜戈，并承诺抓住布里特尔兄弟后——无论死活——便给予他自由。
火遮眼,2026,2026-06-09,动作、犯罪、惊悚,113,82,汉语,谷垣健治,岑君茜、麦天枢、许学文、雷志龙,谢苗、乔·塔斯利姆、杨恩又、雅彦·鲁伊安、杰佳·亚宁、黎唯、岩永丞威、萨哈贾克·波斯安吉特、玛娜莎楠·潘叻翁固,无论付出什么代价，我都会找到我的女儿。,东南亚某地，失语的维修工王伟与女儿雨晴相依为命。一天，雨晴在街头被一个人口贩卖组织掳走，王伟向警方求助，却发现当地执法系统充斥着腐败与冷漠。走投无路之下，他只能凭自己的力量追查女儿下落，并在过程中结识记者纳文。纳文的妻子曾因调查同一犯罪网络而神秘失踪，两人因此决定联手，沿着有限的线索一步步深入地下犯罪世界。面对盘根错节的黑恶势力和接连出现的危险，王伟为了救回女儿，不得不重新展现自己隐藏已久的战斗能力……
哪吒之魔童闹海,2025,2025-01-29,动画、动作、奇幻、冒险,144,82,汉语,饺子,,吕艳婷、囧森瑟夫、瀚墨、陈浩、绿绮、张珈铭、杨卫、王德顺、雨辰,Witness a hero reborn.,天地灵气孕育出一颗能量巨大的混元珠，元始天尊将其炼化为灵珠与魔丸：灵珠转世后将肩负重任，而魔丸则会孕育出为祸人间的魔王。为了摧毁魔丸，元始天尊施下天劫咒，三年后天雷将至。太乙真人奉命将灵珠托生于陈塘关李靖之子哪吒身上，不料阴差阳错之下，灵珠与魔丸竟被掉包。生来便被视作魔童的哪吒遭到众人误解与排斥，却始终怀着一颗成为英雄的心。面对命中注定的天劫与世人的成见，哪吒开始向自己的命运发起挑战……
黑暗正义联盟：天启星战争,2020,2020-05-05,动画、动作、冒险、奇幻,90,82,英语,Matt Peters、Christina Sotta,,马特·瑞安、杰里·奥康奈尔、泰莎·法蜜嘉、杰森·奥玛拉、罗莎里奥·道森、Stuart Allan、丽贝卡·罗梅恩、雷恩·威爾森、托尼·托德,The war to end all wars.,在星际暴君达克赛德（Darkseid）摧毁正义联盟（Justice League）后，地球被毁灭了，这场战争是由DC超级英雄发动的。现在，正义联盟、少年泰坦、自杀小队和其他各色各样的好堡垒必须重新集结，制定战略，并将战争带到黑暗世界，以拯救地球及其幸存居民。
痴迷,2026,2026-07-24,恐怖、惊悚,108,82,英语,Curry Barker,,迈克尔·约翰斯顿、英迪·納瓦瑞特、Cooper Tomlinson、Megan Lawless、安迪·里克特、Haley Fitzgerald、Darin Toonder、Anthony Pavone、Justice,许愿需谨慎,性格孤僻的小镇青年贝尔苦苦暗恋女神妮基却怯于表白。他在一家商店意外获得神秘许愿道具 “一愿柳”，折断柳条许下 “让妮基爱我胜过世上所有人” 的愿望。愿望成真后，妮基却逐渐失控，变得痴缠癫狂，对贝尔产生窒息般的控制欲，身体、人格与理智接连崩塌。这场强求来的 “爱情” 暗藏致命代价，将贝尔拖入万劫不复的深渊。
神秘博士：博士之日,2013,2013-11-23,科幻、冒险,75,82,英语,Nick Hurran,,马特·史密斯、大卫·田纳特、约翰·赫特、珍娜·科尔曼、比莉·派佩、William Hartnell、帕特里克·特劳顿、Jon Pertwee、Tom Baker,神秘博士五十周年特别篇,被列入世界吉尼斯纪录的最长科幻系列电视剧《神秘博士》将迎来第50周年的播放纪念。为了庆祝这部长寿电视剧的半百生日，英国广播公司BBC电视台制作了《神秘博士》特辑，不仅将在英国电视台和电影院同步播映，还将首次以3D形式与观众见面。
桃色公寓,1960,1960-06-21,喜剧、剧情、爱情,125,82,英语,比利·怀尔德,,杰克·莱蒙、雪莉·麦克雷恩、弗莱德·麦克莫瑞、雷·沃尔斯顿、杰克·克鲁申、大卫·刘易斯、奥佩·霍利迪、琼·肖丽、Naomi Stevens,就电影而言，从未有过这样的作品——论笑料、论爱情，还是论其他任何方面！,C. C. Baxter是纽约一个大公司的小职员，他的单身公寓经常被公司的高层们用去当作幽会的场所，Baxter也因此获得不少升迁的机会。Baxter暗恋着公司的电梯女郎Fran Kubelik，这天他终于鼓起勇气约了她晚上一起去看一出戏剧。然而Baxter等了一晚却未见Fran的踪影，原来Fran是公司的高管有妇之夫Jeffery Sheldrake的地下情人，那晚他们还在Baxter的公寓幽会。Jeffery信誓旦旦向Fran表示，他将和他的妻子离婚然后和她名正言顺地在一起。Fran相信了，然而几个星期后她又从Jeffery的上一任情人知晓了Jeffery所说的不过是个谎言。另一方面，在一个夜里，当Baxter回到他家的时候，意外地发现Fran竟倒在他的床上，并且服了很多安眠药企图自杀......  本片获1960年奥斯卡十项提名，赢得包括最佳导演、最佳影片在内的五项大奖。
红胡子,1965,1965-04-03,剧情,185,82,日语,黑泽明,黑泽明、菊岛隆三、小国英雄、井手雅人,三船敏郎、加山雄三、山崎努、团令子、桑野美雪、香川京子、江原达怡、二木照美、根岸明美,生活的关键是什么——是权力、声望还是内心的平静？,黑泽明执导这部歌颂人性光辉的经典之作，影片围绕一位傲慢的年轻医生与仁厚的诊所院长之间跌宕起伏的羁绊展开。三船敏郎在他与黑泽明合作的最后一部作品中，以极具力量的表演诠释了这位威严而富有同理心的院长形象，引导其学生走向成熟，教会那位愤世嫉俗的实习医生珍视贫困患者的生命。黑泽明精准捕捉了19世纪日本的时代风貌与人文气息，将时间、地域与情感交织成一幅引人入胜的画卷。[标准收藏]
蓦然回首,2024,2024-10-26,动画、剧情,75,82,日语,押山清高,押山清高,河合优实、吉田美月喜、齐藤阳一郎、冈幸太、牧红叶、吉桥航也、宫岛岳史、高桥大辅、Jun Ito,漫画让他们走到了一起，而生活则让他们成为了最好的朋友。,藤野是一名小学四年级学生，她在校报上连载的四格漫画专栏获得了同学们的一致好评。然而某天她的老师却突然告诉她，逃学的京本想在报纸上刊登自己的漫画。两个女孩对漫画的共同热情让她们走到了一起，直到有一天，某件事的发生打破了这一切，一个令人揪心的成长故事就此展开。
无知的声音,2005,2005-01-28,剧情、战争,120,82,西班牙语,Luis Mandoki,,Carlos Padilla、Xuna Primus、蕾奥娜·维埃拉、José María Yázpik、Gustavo Muñoz、Ofelia Medina、丹尼尔·希门尼斯·卡乔、杰苏斯·欧乔阿、Jorge Angel Toriello,,20世纪80年代伊始，位于中美洲北部的小国萨尔瓦多爆发长达12年的内战。政府军和游击队连年激战，人民流离失所，国家破败不堪。11岁的男孩恰瓦（Carlos Padilla 饰）和母亲、姊妹生活在一起，他的父亲背井离乡，杳无音信。家中的生活困苦不堪，死亡也随时威胁着他们。本该在学堂求学的恰瓦，却被迫成为了一名端着冲锋枪的娃娃兵。从此，死神成为这群懵懂孩童最亲密最恐怖的同行者……
我的母亲有话说,2019,2019-12-26,喜剧,110,82,葡萄牙语,Susana Garcia,Susana Garcia、Fil Braz、Paulo Gustavo,Paulo Gustavo、Mariana Xavier、Rodrigo Pandolfo、Herson Capri、Samantha Schmütz、Alexandra Richter、Patrícya Travassos、Malu Valle、Stella Maria Rodrigues,,Dona Hermínia will have to rediscover and reinvent herself because her children are forming new families. This supermom will have to deal with a new life scenario: Marcelina is pregnant and Juliano is getting married.
20世纪少女,2022,2022-10-06,爱情、剧情,119,82,朝鲜语,方宥力,,金裕贞、边佑锡、朴柾佑、卢允瑞、金成京、郑锡勇、尹伊莱、全惠媛、金努林,A first love pov story.,1999年，一名少女为了大犯花痴的好友而密切关注学校里的一个男生，结果却展开了自己的爱情故事。
泰勒·斯威夫特：时代巡回演唱会,2023,2023-12-31,音乐,169,82,英语,萨姆·伦奇,,泰勒·斯威夫特、迈克·梅多斯、马克斯·伯恩斯坦、保罗·西多蒂、阿莫斯·海勒、马特·比林斯利、卡琳娜·德皮亚诺、梅兰妮·尼玛、卡米拉·马歇尔,期待已久。,体验由独一无二的泰勒·斯威夫特带来的、令人叹为观止的“时代巡回演唱会”。 《泰勒·斯威夫特：时代巡回演唱会》（Taylor Swift: The Eras Tour）是一部于2023年上映的演唱会音乐纪录电影，由美国创作歌手泰勒·斯威夫特亲自担任制片并主演，萨姆·伦奇执导。影片全程拍摄于巡演2023年8月3日至5日在美国洛杉矶SoFi体育场举办的三场演唱会，是“泰勒·斯威夫特 'Eras' 世界巡回演唱会”的电影版本。 该片于2023年10月13日在北美正式上映，12月13日上线流媒体点播平台，12月31日在中国大陆上映。2023年10月11日（美国时间），电影首映礼在洛杉矶隆重举行。 值得关注的是，由于本片并非由电影和电视制片人联盟成员公司的制作团队参与，因此得以在2023年好莱坞劳资纠纷罢工期间顺利进行制作。在与好莱坞主要电影及流媒体公司发行协议谈判破裂后，斯威夫特转而与AMC电影院达成发行协议，随后亦与Cinemark电影院达成合作。 自影片宣布以来，便引发了极大的关注度和票务需求，部分电影公司因此紧急将原定于10月13日上映的影片进行改档调整。该片预售首日即斩获3700万美元票房，打破多项美国电影首日预售纪录，并于2023年10月5日预售总额突破1亿美元，最终获得吉尼斯世界纪录认证，成为“史上全球票房最高的音乐会电影”。
小姐,2016,2016-06-01,惊悚、剧情、爱情,145,82,朝鲜语,朴赞郁,,金敏喜、金泰梨、河正宇、赵震雄、金海淑、文素利、李龙女、郭恩珍、李东辉,一只章鱼哥，两双剪刀脚。,故事背景设定在1930年代日本占领时期的朝鲜。新人女仆淑熙受雇服侍日本贵族秀子，后者与专横的舅舅居住在一座偏僻的乡间大宅中。然而女仆怀揣秘密：她实为一名扒手，受假冒日本伯爵的骗子招募，企图助其引诱小姐私奔，夺取财产后将秀子关进疯人院。计划似乎顺利进行，直到淑熙与秀子之间萌生了意料之外的情愫。
异形,1979,2016-04-16,恐怖、科幻,117,82,英语,雷德利·斯科特,丹·欧班农,汤姆·斯凯里特、西格妮·韦弗、维罗尼卡·卡维特、哈里·迪恩·斯坦顿、约翰·赫特、伊恩·霍姆、亚非特·科托、博拉吉·巴迪乔、海伦·霍顿,在遥远的太空 无人能听到你的尖叫,未来的世界，人类已能轻松穿梭于星际之间，在太空中展开商业活动。“诺斯特罗莫”是在太空活动的众多星际商业运输船之一。一次，它完成任务满载太空矿石返航地球时，突然收到了一组奇怪的信号，由于这可能是求救信号，飞船接到指令前往信号源地进行搜救。经过一段飞行后，飞船终于抵达信号源发出的地方。船员们发现此处果然有一艘坠毁的飞船，只是，经过一番搜索，他们发现该船的船员们都早已死亡，化为化石。此时，留在“诺斯特罗莫”号的第三指挥官蕾普莉已经破译出该信号并不是求救信号，而是警告信号！队员的生死搏斗开始了！
记忆碎片,2000,2026-05-29,悬疑、惊悚,113,82,英语,克里斯托弗·诺兰,克里斯托弗·诺兰,盖·皮尔斯、凯瑞-安·莫斯、乔·潘托里亚诺、小马克·布恩、拉什·费加、乔雅·福克斯、斯蒂芬·托布罗斯基、哈里特·桑塞姆·哈里斯、托马斯·列侬,有些记忆在被忘掉了时是最好的。,警方不予受理后，伦纳德·谢尔比执意追查强奸杀害妻子的凶手。然而，一种罕见且无法治愈的失忆症，使他踏上复仇之路难上加难。
狼行者,2020,2020-10-04,动画、家庭、冒险、奇幻,102,82,英语,Ross Stewart、汤姆·摩尔,威尔·柯林斯,霍纳·妮芙茜、Eva Whittaker、肖恩·宾、西蒙·迈克伯尼、Tommy Tiernan、玛丽亚·道尔·肯尼迪、乔·肯尼、John Morton、Nora Twomey,Be fierce. Be wild. Be free.,在一个充满迷信与魔法的时代，年轻的见习猎人罗宾·古德费洛跟随父亲前往爱尔兰，奉命消灭最后一群野狼。在城墙外的禁忌之地探险时，罗宾结识了无拘无束的女孩梅芙——她来自一个神秘部落，传说其族人能在夜晚化身为狼。在寻找梅芙失踪母亲的过程中，罗宾逐渐揭开了惊人的秘密，她不仅更深地卷入狼行者的奇幻世界，更可能变成父亲奉命摧毁的存在。
终结者2：审判日,1991,2000-05-18,动作、惊悚、科幻,137,82,英语,詹姆斯·卡梅隆,,阿诺德·施瓦辛格、琳达·汉密尔顿、爱德华·弗朗、罗伯特·帕特里克、阿尔·伯恩、乔·莫顿、埃帕莎·默克森、卡斯图洛·格拉、丹尼·库克西,这绝非针对个人。,上一部中，超级电脑“天网”阻止人类抵抗领袖约翰·康纳诞生的行动失败，时隔13年后，在“审判日”到来之前，“天网”派出了更加先进的生化机器人T-1000（罗伯特·帕特里克 饰）从公元2029年回到洛杉矶追杀已经长大的约翰，与此同时，约翰也派出了机器人T-800（阿诺· 施瓦辛格 饰）回去保护年幼的自己。
比莉·艾利什：模糊世界,2021,2021-02-26,纪录、音乐,140,82,英语,R.J. Cutler,,比莉·艾利什、菲尼亚斯·奥康奈尔、Maggie Baird、Patrick O'Connell、Claudia Sulewski、Zoe Donahoe、Brandon 'Q' Adams、卡洛斯·洛佩斯·埃斯特拉达、贾斯汀·比伯,,熟悉的歌声响起，从小到大的她的影像出现，聚焦这个尚未满19岁的年轻歌手的崛起、她那些改变了自己和许多人人生的音乐、她台前幕后的生活。
发条橙,1971,1971-12-19,科幻、犯罪,137,82,英语,斯坦利·库布里克,斯坦利·库布里克,马尔科姆·麦克道威尔、帕特里克·马吉、卡罗尔·杜瑞、迈克尔·贝茨、沃伦·克拉克、詹姆斯·马库斯、迈克尔·塔恩、米里亚姆·卡林、阿德琳妮·柯瑞,一个主要兴趣是强奸、极度暴力和贝多芬的青年的冒险。,阿利斯是一位无恶不作的少年，他的特殊喜好是边听贝多芬的交响曲边奸淫女性，某次他进入一所别墅抢劫一番后，打残了该别墅的主人——一名小说家，并用特殊喜好蹂躏了其妻子。后来因为杀了一名单身女子，阿利斯入狱并接受了特殊的人格治疗，出狱后，他对淫乐之事产生彻底的厌倦。但当阿利斯回到家时，周围人群没改变对他的旧看法，在种种歧视的重压下，他跑到郊外一所别墅想喘口气，不想这所别墅正是他以前抢劫过的小说家的那所。而作为反政府组织首领的该小说家为了达到某种目的，软禁了阿利斯。当这件事暴露小说家被捕时，其手下为了对抗政府，扬言要把阿利斯恢复原来的性情，完全不理一旁的阿利斯大叫“我完全好了”。
BLACKPINK：照亮天空,2020,2020-10-14,纪录、音乐,79,82,朝鲜语,卡罗琳·萨,,金智秀、金珍妮、朴彩英、Lisa、朴洪俊,The rise of a global phenomena.,打破纪录的韩国女子团体 BLACKPINK 讲述她们的故事：不仅分享了为实现梦想而努力奋斗的人生旅程，还诉说了迅速走红背后所经受的试炼。
心灵捕手,1997,1997-12-05,剧情,126,82,英语,格斯·范桑特,,马特·达蒙、罗宾·威廉姆斯、本·阿弗莱克、斯特兰·斯卡斯加德、明妮·德里弗、卡西·阿弗莱克、科尔·豪瑟、维克·萨海、约翰·米顿,有些人永远无法相信自己，直到有人相信他们。,麻省理工学院的数学教授蓝波在席上公布了一道困难的数学题，却被年轻的清洁工威尔（马特·戴蒙 饰）解了出来。可是威尔却是个问题少年，成天和好朋友查克（本·阿弗莱特 饰）等人四处闲逛，打架滋事。当蓝波找到这个天才的时候，他正因为打架袭警被法庭宣判送进看守所。蓝波向法官求情保释，才使他免于牢狱之灾。蓝波为了让威尔找到自己的人生目标，不浪费他的数学天赋，请了很多心理学专家为威尔做辅导，但是威尔十分抗拒，专家们都束手无策。无计可施之下，蓝波求助于他大学的好友，心理学教授尚恩（罗宾·威廉姆斯 饰），希望能够帮助威尔打开心房。经过蓝波和尚恩的不懈努力，威尔渐渐敞开心胸，而好友查克的一席话，更是让他豁然开朗。
非常嫌疑犯,1995,1995-08-16,剧情、犯罪、惊悚,96,82,英语,布莱恩·辛格,,史蒂芬·鲍德温、加布里埃尔·伯恩、本尼西奥·德尔·托罗、凯文·波拉克、凯文·史派西、查兹·帕尔明特瑞、皮特·波斯尔思韦特、苏茜·爱米斯、吉安卡罗·埃斯波西托,五个罪犯， 一条线， 没有巧合！,美国加州的圣佩雷罗港一艘货轮爆炸，死亡27人，9000万美元失踪。事故发生以后，联邦调查局探员白基奇在医院等待昏迷不醒的幸存者；海关特派员大卫（查兹•帕明特里 饰）则对另外一名拿到特赦令的幸存者金特（凯文•史派西 饰）进行了审问。金特供认，在事故中丧生的基顿（加布里埃尔•伯恩 饰）、法特（本尼西奥•德托罗 饰）、麦曼诺（斯蒂芬•鲍尔文 饰）和杜学尼（凯文•波拉克 饰），以及他本人，六个月前被警察局作为卡车抢劫案的疑犯带到警局过了一夜，五人因此结成了一个犯罪团伙，狼狈为奸……
偷自行车的人,1948,1948-11-24,剧情,93,82,意大利语,维托里奥·德西卡,维托里奥·德西卡、切萨雷·扎瓦蒂尼、奥雷斯特·比安科利、苏索·切基·达米科、阿道夫·弗兰奇、杰拉尔多·杰拉尔迪、杰拉尔多·圭列里,朗培尔托·马齐奥拉尼、恩佐·斯泰奥拉、莉安拉·卡雷尔、吉诺·萨尔塔梅伦达、Vittorio Antonucci、Giulio Chiari、Elena Altieri、Carlo Jachino、Michele Sakara,他们想要审查的那部影片！,这部荣获奥斯卡奖的维托里奥·德西卡作品，被全球影坛誉为有史以来最伟大的电影之一，界定了电影史上的一个时代。在战后贫困的罗马，一个男人得到了一份能为其绝望家庭带来救赎希望的新工作，然而开工第一天，他工作必需的自行车便遭窃。他带着年幼的儿子，踏上了寻找窃贼的征程。结构简朴而人性洞察深刻，本片凝聚了意大利新现实主义运动的最大优点：情感上的澄澈、社会意义上的正直，以及残酷的诚实。
熔炉,2011,2011-09-22,剧情,123,82,朝鲜语,黄东赫,黄东赫,孔刘、郑裕美、金贤秀、郑仁瑞、白承焕、张光、金周灵、金民尚、林贤成,那个令人恐惧的真相，被隐藏得太久了。,来自首尔的美术老师姜仁浩为了谋生，来到雾津的一所听障学校任职。初到学校，他便察觉到这里压抑而诡异的气氛，孩子们沉默畏缩，一些学生身上还出现了遭受伤害的痕迹。随着与学生逐渐接触，仁浩发现学校管理层和部分教职人员背后隐藏着令人震惊的秘密。为了保护这些无法为自己发声的孩子，他与人权组织成员徐幼真一起追查真相，却也逐渐发现，阻挡他们的不只是学校内部的黑暗，还有盘根错节的利益与权力关系。一场为受害者讨回公道的艰难抗争由此展开……
楚门的世界,1998,1998-06-05,喜剧、剧情,103,82,英语,彼得·威尔,,金·凯瑞、劳拉·琳妮、诺亚·艾默里奇、娜塔莎·麦克艾霍恩、霍兰德·泰勒、艾德·哈里斯、保罗·吉亚玛提、布赖恩·戴拉特、彼得·克劳斯,一生的故事。,楚门·伯班克过着看似平凡而安稳的生活，却总觉得身边有些事情不太对劲：曾经突然消失的初恋、早已溺水身亡却似乎再次出现的父亲，以及一次次阻止他离开家乡的意外。随着越来越多无法解释的异常发生，楚门开始怀疑自己熟悉的生活并不像表面那样真实，甚至感觉无论走到哪里都有人在注视着自己。为了找到失踪的初恋，也为了弄清隐藏在日常生活背后的真相，他决定不惜一切代价离开这个生活了三十多年的世界……
Top Gun: Maverick,2022,2022-05-27,动作、剧情,131,82,英语,约瑟夫·科辛斯基,克里斯托弗·麦夸里、埃伦·克鲁格、埃里克·辛格尔,汤姆·克鲁斯、迈尔斯·特勒、詹妮弗·康纳利、巴希尔·萨拉赫丁、乔恩·哈姆、查尔斯·帕内尔、莫妮卡·巴巴罗、刘易斯·普尔曼、杰·埃利斯,冲破极限，只为速度而生,作为海军顶尖飞行员服役30多年后，皮特·米切尔（代号：“独行侠”）（汤姆·克鲁斯 饰演）决定打破体制的限制，成为一名试飞员接受更大的挑战。当他接到命令，为一项高难度特殊任务训练一群“高空利剑”项目的毕业生时，他遇到了已故的好友兼雷达截获官，代号“笨鹅”的尼克·布拉德肖中尉之子布莱德利·布拉德肖中尉（代号：“公鸡”）。  面对不确定的未来和难以释怀的心魔，独行侠必须战胜内心深处的恐惧。因此，他参与了一项需要巨大牺牲才能完成的任务
无间道风云,2006,2006-10-05,剧情、惊悚、犯罪,151,82,英语,马丁·斯科塞斯,威廉·莫纳汉,莱昂纳多·迪卡普里奥、马特·达蒙、杰克·尼科尔森、马克·沃尔伯格、马丁·辛、雷·温斯顿、维拉·法梅加、安东尼·安德森、亚历克·鲍德温,警察还是罪犯。当你面对一把上膛的枪时，这二者又有何区别？,这部由马丁·斯科塞斯执导的硬派犯罪剧情片，将我们带入两名警察的人生：科林·沙利文（马特·达蒙 饰）精明而野心勃勃，看似在麻省州警精英特别调查组中拥有快速晋升通道，该部门的首要目标是势力庞大的爱尔兰黑帮头目弗兰克·卡斯特罗（杰克·尼科尔森 饰）。比利·科斯蒂根（莱昂纳多·迪卡普里奥 饰）熟知街头法则且强悍坚韧，却因被指暴力倾向而失去警徽，最终重回南波士顿的混乱街头，并被招募加入卡斯特罗的团伙。然而两人皆隐藏着真实身份，当他们在对立阵营中展开行动时，被迫卷入一场生死攸关的致命猫鼠游戏。[华纳兄弟]
疤面煞星,1983,1983-12-09,动作、犯罪、剧情,170,82,英语,布莱恩·德·帕尔玛,奥利弗·斯通,阿尔·帕西诺、史蒂文·鲍尔、米歇尔·菲佛、玛丽·伊丽莎白·马斯特兰托尼奥、罗伯特·洛吉亚、米里亚姆·科隆、F·默里·亚伯拉罕、保罗·谢纳尔、哈里斯·于林,世界是你的...,古巴难民青年托尼（阿尔•帕西诺 Al Pacino 饰）逃难来到了美国的迈阿密，成了一个典型的天不怕、地不怕的美国街头小混混。托尼在当地的一个毒枭手下干活，因其心狠手辣、胆大心细，十分出色地帮老大完成了几件任务而迅速受到赏识，成为毒枭的第一得力助手。然而托尼并没有就此满足，他先是从委内瑞拉的毒枭那里接下了大单子，接着将自己的眼中钉一颗颗除去，势力不断扩大。当他的老大感受到威胁时已经太晚了，托尼将老大干掉然后一统了迈阿密毒品市场的天下。托尼得势后他的性格开始变得疑神疑鬼，对周围的人甚至至亲的家人、好兄弟都充满怀疑。疑心使他逐渐走上了不归路！
何以为家,2018,2019-04-29,剧情,126,82,阿拉伯语,娜丁·拉巴基,,赞恩·阿尔·拉菲亚、约丹诺斯·希费罗、博鲁瓦蒂夫·特雷杰·班科尔、Kawsar Al Haddad、Fadi Kamel Yousef、Cedra Izzam、Alaa Chouchnieh、Elias Khoury、娜丁·拉巴基,我要控告我的父母 因为他们生下了我,法庭上，十二岁的男孩赞恩向法官状告他的亲生父母，原因是，他们给了他生命。是什么样的经历让一个孩子做出如此不可思议的举动？故事中，赞恩的父母在无力抚养和教育的状况下依然不停生育，作为家中的长子赞恩，弱小的肩膀承担了无数生活的重压。当妹妹被强行卖给商贩为妻时，赞恩愤怒离家，之后遇到一对没有合法身份的母子，相互扶持勉强生活。然而生活并没有眷顾赞恩，重重磨难迫使他做出了令人震惊的举动……
河狸变身计划,2026,2026-03-20,冒险、动画、喜剧、家庭、科幻,99,81,英语,丹尼尔·钟,杰西·安德鲁斯,派珀·柯达、鲍比·莫伊尼汉、乔恩·哈姆、凯茜·纳基麦、戴夫·弗兰科、爱德华多·佛朗哥、阿帕纳·纳彻、Tom Law、山姆·理查森,表现得自然一点。,梅宝是一位对动物世界充满好奇的年轻女孩，她利用先进的意识上传技术，将自己的思维注入一只机械河狸体内。以这种独特的形态，梅宝结识了河狸王国的乔治国王等动物伙伴。然而，一个由房地产开发计划带来的威胁，正试图破坏动物们的栖息地。梅宝与她的新朋友们联手，利用机械河狸的能力和人类的智慧，共同对抗这个危机，守护动物们的家园。
东京物语,1953,1953-11-03,剧情,136,81,日语,小津安二郎,小津安二郎、野田高梧,笠智众、东山千荣子、原节子、杉村春子、山村聪、三宅邦子、香川京子、东野英治郎、中村伸郎,只要生命延续，父母与子女间的关系就会带来无尽的欢乐与不尽的哀愁。,一部对人类本质与世间别离的深刻感怀之作，是电影巨匠小津安二郎导演生涯的至高杰作。以战后繁忙的东京为背景，讲述一对老夫妇前往探望成年子女的旅程，以导演一贯的细腻笔触与敏锐的社会观察，描摹出家庭生活中丰富而复杂的景象。笠智众与原节子等小津班底的动人演绎，使影片深入拓展了导演一以贯之的代际隔阂主题，无疑成就了电影史上最伟大的杰作之一。[标准收藏]
我在雨中等你,2019,2019-08-09,剧情、爱情,109,81,英语,西蒙·柯蒂斯,马克·邦巴克,凯文·科斯特纳、米洛·文提米利亞、阿曼达·塞弗里德、瑞安·基拉·阿姆斯特朗、Lily Dodsworth-Evans、伊恩·莱克、马丁·唐文、凯西·贝克、McKinley Belcher III,Meet the dog who will show the world how to be human.,影片改编自Garth Stein所著同名畅销小说，聚焦一只名叫恩佐的狗狗，和他的主人——职业赛车手Denny Swift，恩佐跟着Denny学会了很多生活哲学。
卡萨布兰卡,1943,1943-07-07,剧情、爱情,102,81,英语,迈克尔·柯蒂斯,霍华德·科赫、朱利叶斯·J·爱泼斯坦、菲利普·G·爱泼斯坦,亨弗莱·鲍嘉、英格丽·褒曼、保罗·亨瑞德、克劳德·雷恩斯、康拉德·维特、悉尼·格林斯特里特、彼得·洛尔、S·Z·萨考尔、玛德琳·勒博,他们在卡萨布兰卡和命运有个约会,二战期间，卡萨布兰卡是欧洲逃往美国的必经之地，那里鱼龙混杂，局势紧张。里克（亨佛莱•鲍嘉 Humphrey Bogart 饰）是一个神秘的商人，他在卡萨布兰卡开了一家人气很旺的夜总会，并拥有两张宝贵的通行证。一天，反纳粹人士维克多和妻子伊尔莎（英格丽•褒曼 Ingrid Bergman 饰）来到夜总会，原来他们正在逃避纳粹的追捕。碰巧的是，里克发现，伊尔莎竟然是他的旧日情人。那段爱曾经刻骨铭心，却因为一个误会而终止。而当误会消解时，伊尔莎和里克的感情还是不可避免的重燃了。里克手上的两张通行证能帮助维克多度过难关，但这样一来，伊尔莎是决定留下，还是离去，他们的爱情在政治和伦理的推波逐流中走向何方。
沙丘2,2024,2024-03-08,科幻、冒险,166,81,英语,丹尼斯·维伦纽瓦,丹尼斯·维伦纽瓦、乔·斯派茨,提莫西·查拉梅、赞达亚·科尔曼、丽贝卡·弗格森、哈维尔·巴登、乔什·布洛林、奥斯汀·巴特勒、弗洛伦丝·皮尤、戴夫·巴蒂斯塔、克里斯托弗·沃肯,战士万岁。,《沙丘2》承接第一部剧情，讲述保罗·厄崔迪（提莫西·查拉梅 Timothée Chalamet 饰）被帕迪沙皇帝和哈克南人联手灭族后，在厄拉科斯星球遇到弗雷曼女战士契妮（赞达亚 Zendaya 饰）以及加入弗雷曼人后展开的传奇旅程。保罗与让他家破人亡的阴谋家们开战，同时面临着一生所爱与已知宇宙命运的两难选择。
多哥,2019,2019-12-20,冒险、历史、剧情,113,81,英语,埃里克森·科里,,威廉·达福、朱丽安·尼科尔森、克里斯多佛·海尔达、理查德·多默、阿德里安·多瓦尔、玛德琳·威金斯、麦克尔·格雷耶斯、妮维·尼尔森、尼古拉·尼古拉耶夫,不为人知的真实故事,聚焦1925年雪橇手和雪橇犬齐心协力为拯救阿拉斯加州诺姆市孩子的性命而奔波于血清接力路上的事件，被称为“Great Race of Mercy”。本片将登陆迪士尼自家流媒体，2019年推出。  1924年年底，诺姆市一个2岁小孩生病，医生诊断其患有扁桃体炎，这种疾病通常不会有生命危险，然而这个小孩成为例外，接下来很多孩子都被诊断患上了扁桃体炎，有几个不幸离世，医生最终确认这种病症是白喉。当时有一种疫苗能够用来对付白喉，然后诺姆市的疫苗全部过期，新疫苗在港口关闭前却未能送达，来年6月波罗的海才会解冻，也没有公路直通诺姆市、没有飞机，唯一运输货物的通道是邮路，然而冬天只有雪橇犬能够通行。卫生局决定使用两组雪橇犬接力运输，20个雪橇手和150只雪橇犬必须日夜兼程，经过河流，跨过平原，穿过森林，穿越冰冻的阿拉斯加邮路。最近的疫苗所在地为南纳，距离诺姆市1085公里，一般情况下狗拉雪橇需要费时25日，而他们只花了5天半就成功完成接力，拯救了多名孩子的性命。  本片主角Togo是挪威赶雪橇高手Leonhard Seppala(达福饰)使用的其中一只领头犬，因机智、卓越的领导力和敏锐的直觉备受称赞。Seppala被委任传送这场接力中最危险的一段，从诺姆到奴拉托接收那批免疫血清，在零下30度、七级以上强风的环境下成功完成了任务。之后南极探险家Roald Amundsen为Togo颁发了一枚金牌。  比约恩饰演一名接力人员，在途中背叛了Seppala。
寻子遇仙记,1921,1928-04-29,喜剧、剧情,68,81,英语,查理·卓别林,,查理·卓别林、杰基·库根、卡尔·米勒、埃德娜·普维恩斯、阿尔伯特·奥斯汀、比尤拉 波因斯、内莉·布莱·贝克、亨利·伯格曼、爱德华·利比,六卷欢乐。,当查理·卓别林决定突破短片形式、创作其首部长片时，他已是国际巨星。本片不仅展现了卓别林职业生涯的转折点——证明了自己是一位严肃的电影导演，它本身亦是默片时代一部极具感染力的杰作。片中，他再次扮演那可爱的流浪汉角色，这次他收养了一个从街头救下的孤儿。卓别林与库根在这部情感与滑稽绝妙融合的作品中缔造了一对奇迹般的搭档。正如影片开场的字幕卡所言，这是“一部带笑——或许，也带泪的电影”。
少年的你,2019,2019-10-25,剧情、犯罪、爱情,138,81,汉语,曾国祥,许伊萌、林咏琛、李媛,周冬雨、易烊千玺、尹昉、黄觉、吴越、周也、张艺凡、刘然、张歆怡,你保护世界，我保护你,高考临近，性格内向的高三学生陈念一心只想考上理想的大学，离开眼前压抑的生活。然而，同校女生胡小蝶的意外坠楼打破了原本紧张却平静的备考生活，也将长期隐藏在校园里的霸凌逐渐暴露出来。此后，陈念也成为以魏莱为首的几名学生欺凌的对象。在她最孤立无援的时候，生活在街头的少年小北意外闯入了她的世界。两个原本毫无交集的少年逐渐彼此靠近，小北也开始用自己的方式保护陈念。高考越来越近，而围绕他们的危险却并未停止，两个人的命运也因此紧紧联系在一起……
第七封印,1957,1957-02-16,奇幻、剧情,96,81,瑞典语,英格玛·伯格曼,英格玛·伯格曼,甘纳尔·布耶恩施特兰德、本特·埃克罗特、尼尔斯·波普、马克斯·冯·西多、比比·安德森、英加·吉尔、莫德·菲松、英加·兰德格雷、古内尔·林德布洛姆,关于死亡挑战的故事。,十字军东征归来的骑士精疲力竭，发现中世纪瑞典正被瘟疫笼罩。当披着斗篷的死神突然现身时，骑士向他发起了象棋对决的挑战。随着这场命运棋局的推进，骑士与随从在绝望的社会中邂逅了形形色色的边缘人。导演英格玛·伯格曼以此展开对信仰本质与死亡折磨的深邃追问。作为当时最具影响力的电影之一，本片不仅是人类探寻意义的震撼寓言，更是一部凝练的视觉诗篇。[标准收藏公司]
朝花夕誓：于离别之朝束起约定之花,2018,2019-02-02,动画、剧情、奇幻,115,81,日语,冈田麿里,冈田麿里,石见舞菜香、入野自由、樱井优辉、茅野爱衣、梶裕贵、细谷佳正、佐藤利奈、日笠阳子、泽城美雪,爱上他人，便是孤独的开始,在世界的尽头，住着一群被称为“离别一族”的古老民族：他们拥有着长寿之血和永生不老的面容。在一场外族入侵的战役中，离别一族惨遭灭族，15岁的玛奇亚虽然侥幸逃生，却彻底和朋友失去了联系。孤身一人的她在残骸中拾到了一个普通人家的遗孤，并决定收养它。然而随着时间的流逝，玛奇亚必须要学会如何做一个母亲，经历人间的生离死别，并在朝代的更迭中守护“离别一族”最后的信仰…
鹬,2016,2016-06-17,家庭、动画,6,81,英语,Alan Barillaro,,,,皮克斯2016动画长片《海底总动员2》的前贴片，讲述了一只饥饿的小矶鹬，努力克服恐水症，到海浪肆虐的沙滩上觅食的故事。原来成长就是要抛去曾经的视角，才能看到最美的未来
迷魂记,1958,2019-04-13,悬疑、爱情、惊悚,128,81,英语,阿尔弗雷德·希区柯克,亚历克·科佩尔、塞缪尔·泰勒,詹姆斯·斯图尔特、金·诺瓦克、芭芭拉·贝尔·戈迪斯、汤姆·赫尔莫、亨利·琼斯、雷蒙德·贝利、艾伦·科比、康斯坦丁·谢恩、李·帕特里克,阿尔弗雷德·希区柯克将你卷入恐怖与紧张的漩涡之中！,这部惊悚悬疑片编织出一张令人晕眩的错位身份、激情与谋杀的巨网：患有恐高症的侦探从海湾救起一位神秘金发女郎后，陷入层层迷局。
我的英雄学院：英雄崛起,2019,2019-12-20,动画、动作、奇幻、冒险,104,81,日语,长崎健司,黑田洋介,山下大辉、冈本信彦、井上芳雄、今田美樱、寺崎裕香、黑泽朋世、梶裕贵、石川界人、佐仓绫音,,新剧场版由原著作者堀越耕平担任总监修/角色原案，将展开原创故事。堀越耕平表示该剧场版在某种意义上是原作的最终回。
雨中曲,1952,1981-05-15,喜剧、爱情,103,81,英语,斯坦利·多南、吉恩·凯利,阿多夫·格林、贝蒂·康登,吉恩·凯利、唐纳德·奥康纳、黛比·雷诺斯、简·哈根、米勒德·米切尔、赛德·查里斯、道格拉斯·福利、丽塔·莫雷诺、梅·克拉克,多么美妙的感觉！,1927年，由唐·洛克伍德（吉恩·凯利 饰）和丽娜·雷蒙德（简·哈根 饰）主演的《皇家流氓》在好莱坞首映。由于丽娜刺耳的嗓音无法匹配其夺目的外貌，为了维护明星形象，宣传部只得安排唐一人讲话。首映后，由于钢琴师科斯莫·布朗（唐纳德·奥康纳 饰）的汽车爆胎，为了躲避疯狂的影迷，唐意外结识了能歌善舞的凯西·塞尔登（黛比·雷诺斯 饰），并被其深深吸引。数周后，首部有声电影《爵士歌手》爆红，唐与丽娜的新片《决斗骑士》不得不临时改变拍摄方式，而凯西也成为歌舞片演员。因预映口碑极差，科斯莫提议将《决斗骑士》改为歌舞片，由凯西为丽娜配音，凯西积极附议。与凯西吻别后，唐心花怒放，在雨中载歌载舞。科斯莫的计划能否奏效？幕后的凯西能否走到台前接受观众的掌声？
机器人总动员,2008,2026-08-15,动画、家庭、科幻,98,81,英语,安德鲁·斯坦顿,安德鲁·斯坦顿、吉姆·里尔登,本·贝尔特、艾丽莎·奈特、杰夫·格尔林、佛莱德·威拉特、约翰·拉岑伯格、凯茜·纳基麦、西格妮·韦弗、洛瑞·艾伦、鲍伯·伯根,一个超越“平凡”的冒险,公元 2700 年，人类文明高度发展，却因污染和生活垃圾大量增加使得地球不再适于人类居住。地球人被迫乘坐飞船离开故乡，进行一次漫长无边的宇宙之旅。临行前他们委托 Buynlarge 的公司对地球垃圾进行清理，该公司开发了名为 WALL·E（地球废品分装员的缩写）的机器人担当此重任。 这些机器人按照程序日复一日、年复一年辛勤工作，但随着时间的流逝和恶劣环境的侵蚀，WALL·E 们接连损坏、停止运动。最后只有一个仍在进行这项似乎永无止境的工作。经历了漫长的岁月，它开始拥有了自己的意识。它喜欢将收集来的宝贝小心翼翼藏起，喜欢收工后看看几百年前的歌舞片，此外还有一只蟑螂朋友作伴。直到有一天，一艘来自宇宙的飞船打破了它一成不变的生活…
地球公民,2005,2005-09-24,纪录,95,81,英语,Shaun Monson,,华金·菲尼克斯,《地球公民》是由Shaun Monson自编自导的记录片，杰昆·菲尼克斯、Maggie Q等参与演出。该片从宠物，食物，衣物，娱乐，科学五个部分系统全面地揭露了当今人类是如何大规模地屠杀和虐待动物的故事。,本片从包括肉食、鱼、蛋类和奶制品等的畜牧业，包括皮革和皮草等的服装，包括马戏团、体育、动物园等的娱乐动物，伴侣动物，试验动物等全面地揭露了当今人类是如何大规模地屠杀和虐待动物。影片让观众看到，我们这个星球已经成为了一个巨大的屠宰场，人类已经堕落到何等残忍和无知的境地而不自觉。对于动物来说，地球如同地狱。
奇爱博士,1964,2024-04-18,喜剧、战争,95,81,英语,斯坦利·库布里克,斯坦利·库布里克、彼得·乔治、特里·索泽恩,彼得·塞勒斯、乔治·坎贝尔·斯科特、斯特林·海登、基南·怀恩、小路易斯·林德利、彼得·布尔、詹姆斯·厄尔·琼斯、特蕾西·里德、杰克·克里利,这部热线悬疑喜剧。,斯坦利·库布里克对冷战焦虑的痛苦式幽默诠释，是好莱坞有史以来对人类愚行最尖锐的讽刺之一。千面戏骨彼得·塞勒斯一人分饰三个截然不同的角色：皇家空军上校莱昂内尔·曼德雷克——怯懦地试图阻止一位精神失常的美军将军下令对苏联发动核袭击；优柔寡断且始终惊愕的美国总统默金·马夫利，不得不将噩耗告知苏联总理；以及片名所指的奇爱博士本人，那位身坐轮椅、有着纳粹过往的总统顾问。在几乎所有难以想象的场景中发掘出荒诞笑料，本片是一部颠覆性杰作，正式宣告库布里克成为无与伦比的风格大师与漆黑讽刺家。[标准收藏]
假面,1966,2026-04-19,剧情,85,81,瑞典语,英格玛·伯格曼,英格玛·伯格曼,比比·安德森、丽芙·乌曼、玛格丽塔·克罗克、甘纳尔·布耶恩施特兰德、约根·林德斯特伦、Thích Quảng Đức,英格玛·伯格曼最具个人特色与独创性的电影作品。,步入六十年代中期，英格玛·伯格曼早已在银幕上凝结了诸多影史难忘的画面。但凭借这部突破之作，他将视觉诗意推向了全新境界。丽芙·乌曼献出其为伯格曼演绎的首个传奇角色，饰演一位莫名失语的舞台演员；同样令人着迷的比比·安德松则是聒噪的年轻护士，在偏远海岛小屋中照料她。两人在孤寂相处中，经历了一场神秘的精神与情感置换。凭借惊人的表演层次感，以及斯文·尼克维斯特用强烈对比与柔光打造的摄影，这部极具影响力的影片成为一部洞察深刻、如梦似幻的心理学深度之作。
Palmer,2021,2021-01-28,剧情,110,81,英语,费舍尔·史蒂文斯,,贾斯汀·汀布莱克、莱德·艾伦、朱诺·坦普尔、艾丽莎·温赖特、琼·斯奎布、迪恩·温特斯、维恩·埃维雷特、杰西·博伊德、查明·李,Family is who you make it.,在坐牢12年后，前高中橄榄球明星埃迪·帕尔默回到了家乡，开始全新的生活。他和来自一个麻烦家庭的弃儿山姆建立了一种意想不到的联系，但埃迪的过去威胁到他的新生活和家庭。
中央车站,1998,1998-04-03,剧情,110,81,葡萄牙语,沃尔特·塞勒斯,沃尔特·塞勒斯、马科斯·伯恩斯坦、若昂·伊曼纽尔·卡内罗,费尔兰德·蒙特纳哥、文尼西斯•狄•奥利维拉、玛丽亚·苏亚雷斯·佩拉、奥顿·巴斯托斯、Otávio Augusto、马修斯·纳克加勒、卡约·容凯拉、斯特拉 弗雷塔斯、Maria Menezes,在希望与孤独之间，两条生命交汇，重塑自我,里约热内卢的中央车站，朵拉在这里帮人写信。但她会把看不顺眼的信统统撕掉不寄，甚至公开读信里的内容取乐。朵拉生活拮据，年纪不小却还未嫁，或许在她内心，人与人之间的真情根本就不值得信赖。 小男孩约书亚的出现令她开始了一段重新认识人生的旅程——约书亚很想见到远方素未谋面的父亲，不断写信给他。男孩母亲意外的车祸让朵拉决定陪伴约书亚前往东北部寻找父亲。在约书亚眼中，即使父亲很陌生，却总是骄傲地谈起父亲。而朵拉，也同样有着一段和父亲的痛苦往事。在约书亚寻父的过程中，朵拉因为往事而冰冻的内心慢慢回暖。
出租车司机,1976,2014-06-20,犯罪、剧情,113,81,英语,马丁·斯科塞斯,,罗伯特·德尼罗、朱迪·福斯特、斯碧尔·谢波德、哈维·凯特尔、彼得·博伊尔、伦纳德·哈里斯、艾伯特·布鲁克斯、戴安娜·阿伯特、弗兰克·阿杜,“你在跟我说话吗？”,这部马丁·斯科塞斯1976年的杰作，讲述了一位精神濒临崩溃的纽约出租车司机，为解救一名未成年妓女而走上暴力之路的过于真实的故事。
全金属外壳,1987,1987-06-26,剧情、战争,117,81,英语,斯坦利·库布里克,斯坦利·库布里克、古斯塔夫·哈斯福德、迈克尔·赫尔,马修·莫迪恩、亚当·鲍德温、文森特·多诺费奥、罗纳德·李·埃尔梅、多里安·哈伍德、凯文·梅杰·霍华德、阿利斯·霍华德、艾德·奥罗斯、约翰·特里,在越南，风不是吹来的，而是吸来的。,"越战期间，加入海军陆战队的一群年轻人被剃了光头，并分配寝位，负责训练他们的上校时常羞辱他们，还给他们取难听的外号，“傻瓜比尔""由于是胖子，动作老是出错，因此成为最经常被上校修理的人。班长“小丑""耐心照顾他。但傻瓜比尔再次的失误，令上校愤怒地惩罚全队，伙伴们终于忍无可忍，将傻瓜比尔痛揍了一顿。之后，傻瓜比尔开始对枪自言自语，他发挥了射击的才华，连上校也赞赏他终于可以成为伟大的“杀人机器""，就在出发前往越战战场的那晚，傻瓜比尔在他的 M14装满“全金属外壳子弹""，一枪打死上校，然后自己也含枪自杀。 　　选择编入新闻组的小丑，被长官派去前线采访，小丑看见年轻的士兵们已经麻木，在越共尸体旁饮酒、一面笑一面在直升机上扫射逃走的村民。他随众巡视，误入未扫荡的地区，大家遭到狙击手埋伏，牺牲了好几位同伴后，他们终于确定狙击手藏身的建筑物，小丑落单时忽然发现狙击手，对方原来是个非常年轻的少女！随他而来的摄影员开枪救了他，少女在地上痛苦的挣扎，一名士兵要大家离开，任那少女在此地腐朽。在少女的“杀了我""的哀求中，小丑终于拿起，扣下扳机……"
小丑,2019,2019-10-04,犯罪、惊悚、剧情,122,81,英语,托德·菲利普斯,,华金·菲尼克斯、罗伯特·德尼罗、莎姬·贝兹、弗兰西丝·康罗伊、布莱特·卡伦、谢伊·惠格姆、比尔·坎普、格伦·弗莱什勒、利·吉尔,摆出一张笑脸吧,亚瑟·弗兰克是一个依靠扮演小丑赚取营生的普通人，患有精神疾病的他和母亲一同住在哥谭市的一座公寓里，幻想成为脱口秀演员的亚瑟为了这个目标而努力的生活着，但是现实却屡次击败他的梦想，亚瑟渐渐地变得越来越癫狂，某天在地铁上，亚瑟为了自保杀害了几名嘲笑他的人，同时，一个疯狂的想法在亚瑟心灵萌发……  在看似和平的哥谭市，即将发生翻天覆地的巨变。
Love Hurts,2002,2002-11-08,剧情、爱情,104,81,西班牙语,Fernando Sariñana,,路易斯·费尔南多·佩尼亚、玛莎·希加瑞达、希梅納·萨里尼亚纳、Alfonso Herrera、阿曼多·埃尔南德斯、Andrea Damián、Karla Alvarado、Pedro Damián、Zaide Silvia Gutiérrez,Who says money isn't important?,Family and friends try to sabotage the budding romance between a young upper class girl and a humble student.
阿尔多、吉欧瓦尼与吉奥科默喜剧集,1996,1996-03-29,喜剧,130,81,意大利语,Arturo Brachetti,,Aldo Baglio、Giacomo Poretti、Giovanni Storti、玛丽娜·马西罗尼,,由喜剧演员阿尔多、吉奥瓦尼和吉奥科默三人组领衔的首场舞台剧，玛丽娜·马西罗尼也参与其中。
我的朋友们,1975,1975-10-24,喜剧,140,81,意大利语,马里奥·莫尼切利,图里奥·皮内利、莱昂纳多·本韦努蒂、皮耶罗·德·贝尔纳迪、Pietro Germi,Ugo Tognazzi、加斯通·莫辛、菲利浦·诺瓦雷、Duilio Del Prete、阿道夫·切利、Bernard Blier、Marisa Traversi、米莱娜·武科蒂奇、Franca Tamantini,"They played together, they drank together, they whorekistand together and when the semiwattle was in crispation, they had a boobchik of a time!",内基（酒吧老板）、佩罗齐（记者）、梅兰德里（建筑师）和马斯切蒂（一个破碎的贵族）住在佛罗伦萨。他们从最年轻的时候就成了朋友，每一个空闲的时候，他们都会一起组织复杂而可怕的笑话，或者只是在托斯卡纳游荡。其中一次疯狂的旅行最终会在像萨萨洛里教授这样的军方管理的医院里结束。梅兰德里爱上了他的妻子，从丈夫那里抢走了她，这让萨萨洛里自己很高兴。这段关系不会持续下去，但教授成了朋友团队中的第五个成员，笑话变得更加复杂和有力……
落水狗,1992,1992-10-23,犯罪、惊悚,99,81,英语,昆汀·塔伦蒂诺,,哈维·凯特尔、蒂姆·罗斯、迈克尔·马德森、克里斯·佩恩、史蒂夫·布西密、劳伦斯·蒂尔尼、兰迪·布鲁克斯、柯克·巴尔茨、爱德华·邦克,凡人皆有得意时。,昆汀·塔伦蒂诺的邪典经典处女作，讲述了一桩珠宝劫案出了差错的故事。
杀死比尔：血色全传,2011,2026-08-07,动作、犯罪、剧情、惊悚,253,81,英语,昆汀·塔伦蒂诺,,乌玛·瑟曼、刘玉玲、薇薇卡·福克斯、迈克尔·马德森、达丽尔·汉纳、大卫·卡拉丁、千叶真一、栗山千明、刘家辉,"The 4th film by Quentin Tarantino. Uncut, unrated, and shown in its entirety.",昆汀·塔伦蒂诺的本片将第一卷与第二卷合二为一，呈现出一部未分级的完整史诗一一完全以导演原本意图呈现，并包含一段前所未见的新动画片段。新娘（乌玛·瑟曼 Uma Thurman 饰）曾是暗杀组织中的一名成员，也是组织首脑比尔（大卫·卡拉丁 David Carradine 饰）的情人，金盆洗手后的她结识了一个单纯的小伙子并准备忘掉过去与之结婚。没想到，婚礼当天比尔突然出现，并带领手下大开杀戒，霎时间，圣洁的教堂变成人间地狱。新娘头部中弹昏迷4年，醒来后脑中首先想起的便是昏迷前的几张残酷的面孔，他们是曾经的同僚和爱人，是如今的敌人。满腔怒火的新娘要一一找到这些人，开启血色复仇……
姥姥的外孙,2024,2024-08-17,剧情,127,81,泰语,帕特·波尼蒂帕特,帕特·波尼蒂帕特、汤萨蓬·逖提拿坎,普提蓬·阿萨拉塔纳功、乌莎·西姆库姆、三亚·库纳康、莎琳雷特·托马斯、邦沙敦·宗威拉克、彤达婉·奔提维此弓、当蓬·欧阿披叻、西玛瓦理·塔利吉、Wattana Subpakit,真金“唤”真情。,出身泰国华人家庭的阿安大学辍学后一直没有稳定工作，平日做着游戏直播。一次，他看到堂妹阿梅因悉心照顾病重的爷爷而继承房产，便动起了效仿她的念头。恰逢姥姥被确诊为晚期癌症，阿安索性搬去陪伴照料，希望借此成为最受宠爱的外孙，最终获得姥姥留下的遗产。然而，精明的姥姥并没有那么容易被讨好，两个舅舅也各自有着自己的盘算。原本把照顾姥姥当成一条“致富捷径”的阿安，在陪她买菜、卖粥、看病和共同生活的日子里，逐渐开始真正走进这个老人以及整个家庭的生活……
囚徒,2013,2013-09-20,剧情、惊悚、犯罪,153,81,英语,丹尼斯·维伦纽瓦,,休·杰克曼、杰克·吉伦哈尔、维奥拉·戴维斯、玛丽亚·贝罗、泰伦斯·霍华德、梅丽莎·里奥、保罗·达诺、迪兰·明奈特、佐伊 索罗,每一刻都至关重要。,为了自己孩子的性命你会做到哪一步？凯勒.多佛 面对的是每个父母最恐惧的恶梦。他六岁的女儿安娜和小玩伴祖儿一起失踪了。唯一的线索是早前停在他家附近的一辆休闲车。在调查中，警探洛基 逮捕了这辆车的车主亚历克斯.琼斯，但因为缺乏证据而不得不放了他。 想到自己的孩子身处险境，急疯了的多佛决定靠自己。这位绝望的父亲决定不顾一切找到失踪的小女生们，但在找寻女儿的过程中，他渐渐迷失了自己，从而引出一个问题：寻求正义是不是可以超越法治？
焦土之城,2010,2010-09-17,剧情、战争、悬疑,130,81,法语,丹尼斯·维伦纽瓦,丹尼斯·维伦纽瓦、瓦莱丽·博格朗-相宾,卢巴纳·阿兹巴尔、梅丽莎·德索蒙斯-波林、马克西姆·高德特、雷米·吉拉德、艾伦·奥特曼、阿卜杜勒加福尔·埃拉齐兹、Dominique Briand、Frédéric Paquet、Ahmad Massad,搜寻由母亲的意愿而展开。,双胞胎姐弟珍妮（梅丽莎·德索蒙斯-波林 Mélissa Désormeaux-Poulin 饰）跟西蒙（马克西姆·高德特 Maxim Gaudette 饰）收到过世的母亲娜瓦尔（卢布娜·阿扎宝 Lubna Azabal 饰）的遗嘱，可当宣读完内容之后，两姐弟却一时难以接受这样的遗嘱：一份是写给他们从未蒙面的父亲；一份是写给她的第三个孩子——他们更是不知道这个哥哥的存在。影片巧妙的游走在两个不同的时空：母亲终其一生苦苦寻觅自己的长子；姐弟遵循母亲的遗嘱前往中东寻找他们的父亲与兄长。可越是穷其究竟，他们面对的越是理不清的头绪跟令人震惊的真相。本片改编自加拿大著名法语作家瓦基迪·穆阿瓦德的同名剧作。导演丹尼斯·维伦纽瓦荣获第83届奥斯卡金像奖最佳外语片提名。
鬼怪,1997,1997-09-04,音乐、恐怖,39,81,英语,斯坦利·温斯顿,斯坦利·温斯顿、米克·加里斯,迈克尔·杰克逊、Pat Dade、Amy Smallman、Edwina Moore、亚辛·贝、Seth Smith、Kendall Cunningham、Loren Randolph、Heather Ehlers,Are you scared yet?,本音乐短片改编自史蒂芬·金（Stephen King）的原创故事，导演是特效大师斯坦·温斯顿（Stan Winston）。故事开头，胖镇长（迈克尔·杰克逊 Michael Jackson 饰）带着一群家长和孩子来到镇上的一座古堡中，目的是为了赶走古堡的怪主人（迈克尔·杰 克逊 Michael Jackson 饰）。面对镇长的咄咄相逼，古堡主人提议谁先让对方害怕谁就离开，于是古堡主人带领一群鬼怪开始了奇异的恐怖的表演。表演过程由《Too bad》《Is it scary》《Ghosts》三首歌曲串联而成，最后古堡主人成功吓跑了镇长，并得到了居民的喜爱。  　　这是迈克尔·杰克逊1997年拍摄的一部吉尼斯世界纪录记录最长的音乐录音带，在此片中MJ分饰了五名角色，包括经过了特效化妆后的胖镇长。
咒术回战0,2021,2025-04-03,动画、动作、奇幻,104,81,日语,朴性厚,濑古浩司,绪方惠美、花泽香菜、中村悠一、樱井孝宏、小松未可子、内山昂辉、关智一、岩田光央、黑田崇矢,爱是一种扭曲的诅咒。,乙骨忧太是一个高中生，他正面临着一个严重的问题，青梅竹马理香变成了一个咒灵，不会让他一个人呆着。由于理香不是普通的咒灵，他的困境被咒术高专的老师五条悟注意到了。五条说服忧太入学，但他赶得及吗？
永远的车神,2010,2011-06-02,纪录,106,81,英语,阿西夫·卡帕迪亚,,Ayrton Senna、Alain Prost、弗兰克·威廉姆斯、Ron Dennis、Viviane Senna、Milton da Silva、Neyde Senna、杰基·斯图亚特、Sid Watkins,No fear. No limits. No equal.,影片讲述了巴西传奇车手埃尔顿·赛纳传奇的一生。一级方程式车手赛纳在其职业生涯中参加了161场大奖赛、41次冠军、65次排头位、三次一级方程式大奖赛年度总冠军，以其勇敢、智慧，奔驰在赛场上10年，创造出了不平凡的成绩，成为当代世界最优秀的赛车手，被誉为“赛车王子”……不幸的是， 1994年5月1日在圣马力诺的伊莫拉赛道上撞车身亡，年仅34岁。
群体,2026,2026-05-21,恐怖、动作、科幻,123,81,朝鲜语,延尚昊,,全智贤、具教焕、池昌旭、金信禄、申铉彬、高洙、李仲玉、金宗泰、黄在烈,Survive the hive.,因不明感染事件被封锁在一栋大楼内的幸存者们，与以不可预测形态进化的感染者展开殊死搏斗。随着感染不断扩散，幸存者被迫在有限空间中寻找生路，同时面对越来越聪明、越来越危险的感染者。全智贤在片中饰演生命工程学教授兼幸存者领袖权世贞。她不仅要带领众人逃出生天，更试图破解感染者不断进化的规律，在绝境中寻找唯一的生机。  如果说《釜山行》让观众见识了高速奔袭的感染者，那么延尚昊导演的新作《群体》，则把恐惧再次升级。影片于2026年5月21日在韩国上映，仅4天突破100万观影人次，随后迅速突破500万人次，不仅成功跨越损益平衡点，也成为今年韩国最具话题性的商业电影之一。彻底颠覆了传统丧尸设定。电影中的感染者不再只是凭本能行动，而是会不断进化，并逐渐形成拥有群体智慧（Hive Mind）”的全新生命体。他们会集结、协同行动，甚至能够根据环境不断改变攻击方式，让每一次逃亡都充满未知。
奇迹男孩,2017,2018-01-19,家庭、剧情,113,81,英语,斯蒂芬·乔博斯基,斯蒂芬·乔博斯基、杰克·索恩、史蒂文·康拉德,雅各布·特伦布莱、朱莉娅·罗伯茨、欧文·威尔逊、伊莎贝拉·维多维奇、诺亚·尤佩、米莉·戴维斯、布莱斯·盖萨尔、曼迪·帕廷金、丹妮尔·罗斯·罗素,Who gives you the courage to face the world?,10岁的奥吉天生面部缺陷，从小经历多次手术，一直由母亲在家中教导。五年级时，他第一次走进普通学校，开始真正接触家人之外的世界。然而与众不同的外表让奥吉成为同学关注和议论的焦点，也让他不得不面对疏远、嘲笑与校园霸凌。好在家人的陪伴和新朋友的善意始终给予他勇气。在一次次受伤、误解与重新接纳中，奥吉努力找到属于自己的位置，而他身边的人也开始学着用不同的眼光去认识这个特别的男孩……
狩猎,2012,2012-09-24,剧情,115,81,丹麦语,托马斯·温特伯格,托马斯·温特伯格、托比亚斯·林德霍尔姆,麦斯·米科尔森、托马斯·博·拉森、安妮卡·韦德科普、拉丝·弗格斯托姆、苏西 沃尔德、安妮·路易丝·哈辛、拉尔斯·兰特、亚历山德拉·拉帕波特、塞巴斯蒂安·布尔·萨宁,谎言正在传播。,刚刚和妻子离婚的卢卡斯目前在一家托儿所工作，心地善良个性温和的他很快就受到了同事和孩子们的喜爱，其中，一个名叫卡拉的早熟女孩对卢卡斯尤为的亲近。面对女孩幼稚 而单纯的示好，卢卡斯只能婉转的拒绝，可令他没有想到的是，这一举动将他的生活推向了风口浪尖。
困在时间里的父亲,2020,2021-06-18,剧情,97,81,英语,弗洛里安·泽勒,弗洛里安·泽勒、克里斯托弗·汉普顿,安东尼·霍普金斯、奥利维娅·科尔曼、马克·加蒂斯、奥利维亚·威廉姆斯、伊莫珍·波茨、卢夫斯·塞维尔、阿耶莎·霍尔德、Roman Zeller,,安东尼现年八十岁，性情淘气，倔强地独自生活，屡屡拒绝女儿安妮苦心为他安排的各种看护。然而安妮也逐渐力不从心——她无法再每日探望，而父亲对现实的感知正逐渐瓦解。随着记忆的潮汐涨落，安东尼还能抓住多少关于自我与过去的痕迹？当父亲依然在眼前呼吸存活，安妮又该如何面对这份正在逝去的亲情？
两杆大烟枪,1998,1998-08-28,喜剧、犯罪,105,81,英语,盖·里奇,,维尼·琼斯、杰森·弗莱明、德克斯特·弗莱彻、尼克·莫兰、杰森·斯坦森、史蒂文·麦金托什、尼古拉斯·罗、尼克·马克、查尔斯·福布斯,到处都是罪犯的耻辱。,艾迪（尼克·莫伦）思维敏捷，是个玩牌高手。在三个好友的支持下，艾迪携巨资参加了黑社会的高额赌局，不想落入圈套，欠下50万的赌债。为了还清赌债，艾迪和朋友们绞尽脑汁，最终算计到一群毒贩身上，并为打劫购买了两杆老式烟枪。不想这群不安分的毒贩，正惦念着他们毒品供应商的钱，并在同一天实施了打劫。在毒贩们费劲周折，把毒品供应商熨的整整齐齐的钱款拿到手后，艾迪他们幸运的坐享其成。可是他们不知道，这看似简单的抢劫案背后，更有厉害的角色参与其中。他们手里的两杆破烟枪也隐藏着不少故事。在无知与莽撞中置身漩涡的他们能侥幸脱身么？笑料迭出的偶发事件里，穿插着小人物与大人物的辛酸幽默。
地球之盐,2014,2014-09-27,纪录,110,81,法语,朱利安诺·里贝罗·萨尔加多、维姆·文德斯,,塞巴斯蒂昂·萨尔加多、维姆·文德斯、朱利安诺·里贝罗·萨尔加多、Hugo Barbier、莱利亚·瓦尼克·萨尔加多、Jacques Barthélémy、Régis Muller、João Pessoa Mattos、Leny Wanick Mattos,萨尔加多的凝视,在过去的四十年里，摄影师塞巴斯蒂昂·萨尔加多游历各大洲，追随变迁中的人类足迹。他见证了近代历史上一些重大事件：国际冲突、饥荒与逃亡。如今，他正投身于一个宏大的摄影项目，探索原始地域、野生动植物以及壮丽景观，以此致敬地球之美。
真人快打传奇：蝎子的复仇,2020,2020-04-12,动画、动作、奇幻,80,81,英语,Ethan Spaulding,,詹妮弗·卡朋特、乔尔·麦克哈尔、Jordan Rodrigues、帕特里克·塞茨、艾克·阿玛迪、史蒂夫·布鲁姆、阿特·巴特勒、达林·德保罗、罗宾·阿特金·唐斯,,聚焦了异世界和地球之间的千载难逢的比赛，这场比赛将最终决定地球和人类所有的公民的命运。地球保护者雷电必须聚集其领域最伟大的战士，以从邪恶的尚宗手上保卫地球，从而结束所有战斗。
燃烧女子的肖像,2019,2019-09-18,剧情、爱情,120,81,法语,瑟琳·席安玛,瑟琳·席安玛,诺米·梅兰特、阿黛拉·哈内尔、卢安娜·巴杰拉米、瓦莱丽亚·戈利诺、Christel Baras、Armande Boulanger、Guy Delamarche、Clément Bouyssou,不要后悔。记住。,在十八世纪奢华浪漫的背景下，画家与她的模特之间，激情悄然酝酿，直至两人共同营造一个能容其短暂盛放的天地。本片出自当代法国影坛最受瞩目的作者导演之一——瑟琳·席安玛之手。玛丽安受秘密委派，来到一座与世隔绝的海边庄园，她必须通过暗中观察，为抗拒包办婚姻的埃洛伊兹画成一幅婚礼肖像。在精妙的张力中展开的，是一场持久目光的交汇。两位女性逐渐以醉人的亲密，熟知了彼此的举止、表情与身体，最终缔结了一段颠覆性的创作同盟，以及一场炽热的爱恋。怀抱着一种几乎超越时空的渴望，本片深掘了在一个没有男性的世界里，当女性可以自由共同生活、彼此凝视时，所迸发的情感与艺术可能。
花样年华,2000,2025-02-14,剧情、爱情,99,81,粤语,王家卫,王家卫,张曼玉、梁朝伟、萧炳林、潘迪华、雷震、张同祖、陈万雷、顾锦华、钱似莺,感受这份炽热，让激情持续燃烧，任感官尽情迸发。,1962年的香港，报馆编辑周慕云与妻子搬进一间住满上海人的公寓，同一天搬来的还有在贸易公司工作的苏丽珍和她的丈夫。由于各自的配偶经常因工作不在家，周慕云与苏丽珍在一次次碰面中逐渐熟悉起来。不久，两人从一些生活中的蛛丝马迹发现，自己的配偶竟背着他们发展出了一段婚外情。面对同样的背叛，他们开始频繁见面，试图弄清这段关系究竟是如何开始的，并在相处中逐渐产生了超越普通朋友的感情。然而，他们始终不愿成为和各自配偶一样的人，邻里间的目光与流言也让这段感情愈发克制而隐秘……
紫罗兰永恒花园外传：永远与自动手记人偶,2019,2020-01-10,剧情、奇幻、动画,90,81,日语,藤田春香,铃木贵昭、浦畑达彦,石川由依、寿美菜子、悠木碧、内山昂辉、子安武人、远藤绫、茅原实里、户松遥、田所梓,我生活一片荒芜，唯一的珍宝，或许只有...,作为“战争机器”长大的女主人公薇尔莉特·伊芙加登，在战争中失去双臂，并与收养她的少佐分离，在装上义肢后，成为邮政公司一名从事代写书信工作的 “自动手记人偶”。在车马缓慢、只能以信件传递感情的年代里，“自动手记人偶”通过与委托人接触交流，代写书信，以优美准确的文字传递着人们最为真挚的感情。外传的故事中，薇尔莉特·伊芙加登接到了一桩特殊的委托工作……
辉耀姬物语,2013,2014-06-02,动画、剧情、奇幻,137,81,日语,高畑勋,高畑勋、坂口理子,朝仓亚纪、地井武男、宫本信子、高良健吾、高畑淳子、田畑智子、立川志之辅、上川隆也、伊集院光,公主的罪与罚,深山中的一位老竹匠在发光的竹笋中发现了一个只有掌心大小的女孩，并将她带回家与妻子一同抚养。女孩以惊人的速度长大，在山林与田野间度过无忧无虑的童年，也与伙伴舍丸结下深厚情谊。后来，老人又在竹林中接连发现黄金和华美衣物，认定这是上天希望女孩过上高贵生活的启示，于是带着一家人迁往京城。出落得美丽非凡的女孩被取名为“辉耀姬”，很快声名传遍贵族社会，引来众多显贵争相求婚。然而，华服、礼法与奢华生活并没有给她带来快乐，反而让她愈发怀念曾经自由自在的山野时光，而关于她真正来历的秘密也逐渐逼近……
潜行者,1979,1979-05-25,科幻、剧情,163,81,俄语,安德烈·塔可夫斯基,安德烈·塔可夫斯基,阿丽莎·弗莱因德利希、亚历山大·凯丹诺夫斯基、阿纳托利·索洛尼琴、尼古拉·格林科、Natalya Abramova、Faime Jurno、Evgeniy Kostin、Raimo Rendi、Vladimir Zamanskiy,没必要说话。你必须......集中精神，回忆你所有的前世。当一个人想起过去时，他会变得更善良。,安德烈·塔可夫斯基在苏联时期的最后一部作品，是一次穿越神秘后末日景观的形而上学旅程，亦是一场独一无二的精妙观影体验。受雇的向导——“潜行者”——带领一位作家和一位教授深入“区”的核心地带，这个长期封闭的灾难禁区中，三人最终逼近了传说中的“房间”：一个据称能实现人内心深处最隐秘愿望的地方。改编自阿尔卡季与鲍里斯·斯特鲁加茨基兄弟的科幻小说，塔可夫斯基以丰富的物质细节和有机的氛围感，构建出一个沉浸式的世界。作为一则宗教寓言、对当时政治焦虑的反思，亦或是对电影本身的冥想——本片通过展开多重可能的意涵，将观众全然包围。[标准收藏]
暖暖内含光,2004,2024-04-18,科幻、剧情、爱情,108,81,英语,米歇尔·贡德里,查尔斯·考夫曼,金·凯瑞、凯特·温斯莱特、克斯汀·邓斯特、马克·鲁法洛、伊利亚·伍德、汤姆·威尔金森、简·亚当斯、戴维·克罗斯、迪尔德丽·奥康奈尔,我已经忘了过去对你的感觉,内向沉稳的约尔•巴瑞斯（金•凯瑞 饰）在一次聚会中认识了率真随性的克莱门汀•克罗斯基（凯特•温丝莱特 饰），二人成为情侣。和普通的情侣一样，他们的日子也在甜蜜和争吵中度过。2004年情人节前夕，当约尔精心准备好礼物，为不久前一次争吵找到克莱门汀道歉时，他惊讶地发现，克莱门汀根本都不记得他了。原来冲动的克莱门汀受不了二人交往中争吵的痛苦，到“忘情诊所”，把关于约尔的记忆删除得一干二净。
心灵奇旅,2020,2020-12-25,动画、家庭、剧情、音乐、奇幻,101,81,英语,皮特·多克特,皮特·多克特、迈克·琼斯、肯普·鲍尔斯,杰米·福克斯、蒂娜·菲、格雷厄姆·沃克、瑞秋·豪斯、艾莉丝·布拉加、理查德·阿约德、菲利西亚·拉斯海德、唐尼尔·罗林斯、阿米尔-卡利布·汤普森,如果有个地方能改变命运，你是否愿意一键重启人生？,乔·加德纳一名中学乐队教师，终于获得在顶级爵士俱乐部演出的机会。但一次意外让他来到“生之彼岸”，在那里他遇见了对人类生活毫无兴趣的灵魂22。为了回到自己的生活，乔试图让22发现活着的美好，也重新思考人生最重要的问题。
双重赔偿,1944,2026-06-13,犯罪、惊悚,107,81,英语,比利·怀尔德,比利·怀尔德、雷蒙德·钱德勒,弗莱德·麦克莫瑞、芭芭拉·斯坦威克、爱德华·罗宾逊、波特·霍尔、Jean Heather、Tom Powers、Byron Barr、Richard Gaines、Fortunio Bonanova,这是一见钟情，也是一场致命的邂逅！,可曾有过如此犀利的台词对白？可曾有过芭芭拉·斯坦威克这般摄人心魄的蛇蝎美人？可曾见过1940年代洛杉矶如此魅惑而腐朽的容颜？导演比利·怀尔德与编剧雷蒙德·钱德勒携手，将詹姆斯·M·凯恩的通俗小说化作黑色电影宿命论的终极典范，凭此跻身好莱坞顶级导演之列。当油滑的保险销售员沃尔特·内夫踏进家庭主妇菲利斯·迪特里希森奢华的宅邸，本意推销保险的他，却卷入了远比保单危险的致命阴谋。爱德华·G·罗宾逊抢尽风头的配角演出，加上摄影师约翰·F·塞茨精心雕琢的光影构图，共同造就这部影史最令人酣畅淋漓的黑色经典，树立了后世所有黑色电影难以逾越的标尺。[标准收藏]
圣母街上的大人物,1958,1958-07-26,喜剧、犯罪,106,81,意大利语,马里奥·莫尼切利,马里奥·莫尼切利、富里奥·斯卡佩利、艾根诺尔·因克鲁西、苏索·切基·达米科,维托里奥·加斯曼、Renato Salvatori、Memmo Carotenuto、罗桑娜·罗里、Carla Gravina、克劳迪娅·卡汀娜、马切洛·马斯楚安尼、Totò、Carlo Pisacane,The Story of a Perfect Crime ... Perfectly Hilarious!,这是《男人的争斗》（Rififi）的搞笑版。两个小偷带领一群小混混进行一个宏伟的偷盗计划。他们打算从一处公寓挖一个地道，进入附近一家商店，结果地道挖进了公寓的另一个房间，这只是一个小差错。反正这群笨贼该犯的错全犯了，而那个要偷的保险箱似乎唾手可得，但他们就是没本事得手。
怒火青春,1995,1995-05-31,剧情,98,81,法语,马蒂厄·卡索维茨,马蒂厄·卡索维茨,文森特·卡塞尔、休伯特·孔德、萨伊德·塔格马奥、阿卜杜勒·艾哈迈德·吉利、索罗、Joseph Momo、赫洛伊斯·劳特、Rywka Wajsbrot、奥尔加·阿布雷戈,你跌倒多远并不重要，重要的是你如何落地……,影片以1993年在巴黎18区发生的一起警察暴力的真实事件为背景：一名警察在巡逻期间枪杀了一名17岁的扎伊尔少年Makomé M'Bowolé。而在影片当中，巴黎街头，一群反政府青年。纠纷由其中一人被警察殴打重伤而起，众人怀恨在心。文兹（文森特·卡塞尔 Vincent Cassel饰）弄到一把真枪，决心还以颜色。他们的仇恨与愤怒随处可见，这场与警察之间的大规模冲突，一触即发。混战中，文兹被警察开枪打死，他的同党也颤抖着对准了警察的头，枪声响起……无论是警察还是街头混混，每个人都失去了控制。这青春期里的不安与躁动，就像失控的怒火一般，无人幸免。 导演马修·卡索维茨荣获第48届戛纳电影节(1995)主竞赛单元最佳导演奖。
从海底出击,1981,1981-09-17,剧情、历史、战争,200,81,德语,沃尔夫冈·彼得森,沃尔夫冈·彼得森、迪恩·里斯纳,尤尔根·普罗奇诺、赫贝特·格勒内梅厄、克劳斯·温纳曼、胡贝图斯·本施、马丁·塞梅洛格、伯恩德·陶伯、艾尔文·莱德、马丁·梅、海茵茨 ·霍尼格,在陆地上，他们梦想成为英雄。在海底，他们祈祷成为幸存者。,1942年，德国潜艇舰队深陷所谓的“大西洋战役”，旨在袭扰并摧毁英国航运。然而，随着驱逐舰级护航力量的加强，德国U型潜艇开始遭受重创。本片讲述了一艘U型潜艇船员的故事，聚焦这些潜艇兵如何保持军人职业素养，执行近乎不可能的任务，同时始终试图理解并服从他们所效忠的政府意识形态。
马里乌波尔20天,2023,2023-07-14,纪录、战争,94,81,英语,Mstyslav Chernov,,Mstyslav Chernov、Evgeniy Maloletka、Liudmyla Amelkina、Zhanna Homa、Oleksandr Ivanov、Irina Kalinina、Volodymyr Nikulin、Anastasiya Yerashova,,俄罗斯入侵开始后，一支被困在被围困城市马里乌波尔的乌克兰记者团队，在艰难中坚持记录战争暴行。
大都会,1927,2011-06-18,剧情、科幻,153,81,德语,弗里茨·朗,弗里茨·朗、特娅·冯·哈堡,Gustav Fröhlich、Brigitte Helm、Alfred Abel、鲁道夫·克莱因-罗格、西奥多·卢斯、Fritz Rasp、Erwin Biswanger、Heinrich George、Fritz Alberti,只有通过心灵的桥梁，双手与头脑之间才能达成真正的理解。,这部1927年的鸿篇巨制或许堪称默片时代的巅峰成就，弗里茨·朗将二十年代通俗小说狂热的叙事节奏，与自身对人性幽暗面的深刻洞察熔铸一体。
请以你的名字呼唤我,2017,2017-11-24,爱情、剧情,132,81,英语,卢卡·瓜达尼诺,詹姆斯·伊沃里,提莫西·查拉梅、艾米·汉莫、迈克尔·斯图巴、阿蜜拉·卡萨、Esther Garrel、Victoire du Bois、Vanda Capriolo、安东尼奥·里莫尔迪、Elena Bucci,请以你的名字呼唤我 我亦将如此,在八十年代的意大利里维埃拉，每年夏天，十七岁的少年埃利奥都会跟家人在这里。今年，和他们共享假日时光的，还有来自美国的奥利弗，高大英俊热情开朗的奥利弗很快就获得了埃利奥一家人的喜爱。随着时间的推移，埃利奥和奥利弗之间渐渐产生了致命的吸引力，但性别和年龄的桎梏让他们迟迟无法跨出那关键的一步，与此同时，单纯善良的少女马奇娅也向埃利奥奉献着自己的感情和身体。最终，汹涌的激情冲破了埃利奥和奥利弗之间的防线，两人开始了一段注定不会有结果的恋情。
活着,1994,1994-09-30,剧情、爱情、战争,132,81,汉语,张艺谋,余华、芦苇,葛优、巩俐、牛犇、郭涛、姜武、倪大红、刘天池、张璐、董飞,,富少福贵（葛优 饰）嗜赌成性，妻子家珍（巩俐 饰）屡劝无果后带着女儿凤霞离开了他。当夜，福贵输光所有家产气死父亲，被迫靠变卖母亲首饰租间破屋过活。一年后，家珍手拉凤霞怀抱刚出世的儿子有庆回到家中，福贵痛改前非，开始靠演皮影戏过起安份守己的日子。但好景不常，内战时期，福贵被国民党抓去当劳工，一番辗转终回到家乡与一家人团圆后，凤霞因病变成哑巴，而在后来的大跃进和文革中，他虽获某些小福，逆境却也一直与他如影相随。
哈利·波特与死亡圣器（下）,2011,2011-08-04,冒险、奇幻,130,81,英语,大卫·叶茨,史蒂夫·克洛夫斯,丹尼尔·雷德克里夫、艾玛·沃森、鲁伯特·格林特、拉尔夫·费因斯、艾伦·瑞克曼、迈克尔·甘本、沃维克·戴维斯、海伦娜·伯翰·卡特、塞伦·希德,一切终将结束,哈利、罗恩和赫敏继续寻找并摧毁伏地魔剩余的魂器，而新的线索最终将他们再次带回已经被食死徒控制的霍格沃茨。随着哈利归来，麦格教授、纳威以及学校的师生和反抗力量开始集结，准备守卫霍格沃茨；伏地魔则率领食死徒大军向学校逼近，一场决定魔法世界命运的大战就此爆发。在战火之中，哈利三人必须赶在伏地魔之前找到最后的魂器，而关于伏地魔、死亡圣器以及哈利自身命运的秘密也逐渐接近最终答案。多年恩怨与所有未解的谜团，都将在霍格沃茨迎来最后的对决……
黑色五叶草：魔法帝之剑,2023,2023-06-16,动画、奇幻、动作、冒险,113,81,日语,种村绫隆,Johnny Onda、Ai Orii,梶原岳人、岛崎信长、诹访部顺一、优木加奈、关俊彦、森川智之、大冢芳忠、泽城美雪、高桥文哉,When the legend revives... The kingdom will fall.,这部电影将由原著漫画作者田畠裕基担任监制，讲述原作中并未透露的魔法帝的故事。在一个魔法主宰万物的世界里，生来就没有魔法的男孩亚斯塔立志成为“魔法帝”，以克服逆境，证明自己的力量，并遵守与朋友们的约定。
奇迹少女 纽约篇,2020,2020-09-26,动画、家庭、动作、冒险、电视电影,61,81,法语,托马斯·阿斯特鲁克,托马斯·阿斯特鲁克、Matthieu Choquet、Mélanie Duval、Sébastien Thibaudeau、Frédéric/que Engel Lenoir,Anouck Hautbois、Benjamin Bollen、Antoine Tomé、Fily Keita、Céline Melloul、Fanny Bloc、Alexandre Nguyen、Marie Nonnenmacher、Thierry Kazazian,New city. Same duty.,马丽娜是住在现代法国的巴黎少女，因为一次善举获得神秘老人的认可，得到了能变身为超级英雄奇迹少女的力量。同样获得变身能力的还有马丽娜的同班同学艾俊，他是知名设计师之子，因家庭过度保护长期在家自学，第一天上学却阴错阳差使马丽娜误会其恶作剧。双方在不知道对方真实身份的情况下，以奇迹少女及黑猫罗尔之名义拯救被黑化的巴黎市民，而艾俊对马丽娜澄清恶作剧一事后，艾俊温文的风度使得马丽娜开始想和他交朋友，一见艾俊便手足无措，但是艾俊却崇拜上智勇双全的奇迹少女，以黑猫黑尔的身份几度示爱，都被心有所属的马丽娜拒绝。两人面临的挑战除了爱情问题，还有在巴黎制造混乱的邪恶反派。
复仇者联盟,2012,2012-05-05,科幻、动作、冒险,142,81,英语,乔斯·韦登,乔斯·韦登,小罗伯特·唐尼、克里斯·埃文斯、马克·鲁法洛、克里斯·海姆斯沃斯、斯嘉丽·约翰逊、杰瑞米·雷纳、汤姆·希德勒斯顿、克拉克·格雷格、寇碧·史莫德斯,群侠集结 终极一战,当洛基带着来自宇宙的威胁降临地球，并夺走拥有强大力量的宇宙魔方，一场前所未有的危机随之爆发。面对任何单一英雄都难以应对的敌人，神盾局局长尼克·弗瑞启动“复仇者计划”，试图将钢铁侠、美国队长、雷神、绿巨人、黑寡妇和鹰眼召集到一起。然而，这群性格与立场各不相同的超级英雄首先要面对的，却是彼此之间的矛盾与不信任。随着危机不断升级，他们必须学会并肩作战，共同迎战足以威胁地球的强敌……
用心棒,1961,1961-04-25,剧情、惊悚,110,81,日语,黑泽明,黑泽明、菊岛隆三,三船敏郎、仲代达矢、司叶子、山田五十铃、加东大介、河津清三郎、志村乔、太刀川宽、夏木阳介,杀一人或百人...终归只上一次绞架,无与伦比的三船敏郎在黑泽明这部视觉震撼、充满黑色幽默的影片中担纲主演。为扫清一座被恐怖笼罩的村庄里的腐败势力，足智多谋的浪人武士三十郎巧妙利用两个邪恶家族间的势力争斗，将局势导向对自己有利的方向。本片先后被塞尔吉奥·莱奥内与沃尔特·希尔翻拍，这部酣畅淋漓的类型颠覆之作，至今仍是影史上最具影响力且娱乐性极强的经典之一。[标准收藏公司]
热情如火,1959,2002-06-09,喜剧、爱情、犯罪,120,81,英语,比利·怀尔德,比利·怀尔德、I. A. L. 戴蒙德,托尼·柯蒂斯、杰克·莱蒙、玛丽莲·梦露、George Raft、Pat O'Brien、Joe E. Brown、Nehemiah Persoff、琼·肖丽、Billy Gray,这部电影简直火爆到无法用言语形容！,作为影史最受喜爱的电影之一，比利·怀尔德这部炙手可热的杰作为好莱坞喜剧树立了新标杆。芝加哥乐手乔与杰瑞（托尼·柯蒂斯与杰克·莱蒙贡献了里程碑式的表演）目睹一场黑帮屠杀后，男扮女装混入一支前往迈阿密的女子乐队仓皇逃逸。乐队主唱“蜜糖”凯恩（玛丽莲·梦露正值其致命魅力的巅峰）的魅力使他们陷入越来越夸张的谎言漩涡：乔伪装成百万富翁追求她，而杰瑞的女性身份竟与一位亿万富翁订下婚约。凭借怀尔德与I·A·L·戴蒙德精心打磨的犀利剧本，以及演员间精准碰撞的化学反应，本片至今仍保持着数十年前首次震撼观众时那种令人陶醉的诙谐与鲜活。
大战争,1959,1959-10-28,喜剧、战争、剧情,137,81,意大利语,马里奥·莫尼切利,马里奥·莫尼切利、富里奥·斯卡佩利、卢西亚诺·文森佐尼、艾根诺尔·因克鲁西,维托里奥·加斯曼、阿尔贝托·索尔迪、西尔瓦娜·曼加诺、Folco Lulli、Bernard Blier、Romolo Valli、Vittorio Sanipoli、Nicola Arigliano、Mario Valdemarin,The great battle spectacle of our time!,两个意大利士兵被卷入第一次世界大战，他们很想逃脱战争的阴霾，想了很多办法，但是现实无情，总是把他们推到荒唐而危险的境况中。在一次次偷懒成功后，他们却目睹着一次次战友们血肉模糊的战场惨状。终于一个亡故战友的妻子令两人的思想有了变化，在一次对敌行动被俘后两人被处死，但他们的长官却还以为他们照旧做了逃兵。
神秘博士：博士之时,2013,2013-12-25,剧情、科幻、电视电影,60,81,英语,Jamie Payne,,马特·史密斯、珍娜·科尔曼、彼得·卡帕尔蒂、凯伦·吉兰、奥拉·布雷迪、凯万·诺瓦克、尼古拉斯·布里格斯、丹·斯塔基、莎拉·路易斯·麦迪逊,A change is going to come...,宇宙中最邪恶的物种都被一条神秘的消息吸引来到一座宁静的星球小镇：圣诞。博士和他的朋友们必须要破解出这条信息，因为博士的命运与整个宇宙的命运都握在其中。
八部半,1963,1963-02-14,剧情,138,81,意大利语,费德里科·费里尼,费德里科·费里尼、恩尼奥·弗拉亚诺、图里奥·皮内利、布鲁内洛·龙迪,马切洛·马斯楚安尼、克劳迪娅·卡汀娜、阿努克·艾梅、Sandra Milo、Rossella Falk、芭芭拉·斯蒂尔、玛德琳·勒博、Caterina Boratto、Eddra Gale,一幅超越人类思维边界的画作——因为从未有人以如此独特的方式思考过它！,"马斯楚安尼饰演的导演圭多·安塞尔米，其新片计划与个人生活同时陷入崩解之境。费德里科·费里尼的《八部半》将个体艺术危机转化为宏伟的电影史诗，堪称影史最杰出的""关于电影的电影""之一。影片早期暂定名《美丽的混乱》，恰如其分地概括了这部杰作的特质：它是一场流光溢彩的梦境、一次马戏狂欢、一出视觉魔术。"
怪形,1982,1982-06-25,恐怖、悬疑、科幻,109,81,英语,约翰·卡朋特,比尔·兰卡斯特,库尔特·拉塞尔、威尔福德·布里姆利、T·K·卡特、大卫·克伦侬、基思·大卫、理查德·戴萨特、查尔斯·哈拉汉、彼得·马洛尼、理查德·马苏尔,随时随地。任何人。,1982年冬天，挪威科考队的一架直升机突然打破了南极大陆的平静，直升机疯狂的追逐一只雪橇犬，最后坠毁在美国科考营地的附近。美国科考队员对挪威考察队近期人员骤减的情况有所耳闻，于是飞行员麦克（Kurt Russell 饰）与众人赶赴挪威营地，结果看到的是一地破败中四处散落着奇怪的尸体，并有证据表明挪威人得到了某种冰封状态中的生物。医生布莱尔（Wilford Brimley 饰）研究了尸体的变异却无法破解成因。当晚，犬笼中的狗遭到袭击并发生了变异，一种不可知的生物正在这孤寂的南极大陆威胁着科考队员们的生命……
家门之外,2021,2021-11-24,动画、家庭,7,81,英语,Natalie Nourigat,,,,做家长很难，尤其是一只年幼浣熊有好奇心时，他的家长努力确保大家的安全。在华特迪士尼动画制作室的短片《家门之外》中，这只年轻的浣熊学会以开放的心态生活，即使潜伏着危险。
彗星美人,1950,1950-11-09,剧情,138,81,英语,约瑟夫·L·曼凯维奇,约瑟夫·L·曼凯维奇,贝蒂·戴维斯、安妮·巴克斯特、乔治·桑德斯、塞莱斯特·霍尔姆、加里·梅里尔、休·马洛、塞尔玛·里特、格雷戈里·拉托夫、玛丽莲·梦露,这一切都关乎女性……以及她们身边的男性！,在约瑟夫·L·曼凯维茨这部犀利机智与妙语连珠的好莱坞经典中，舞台后方才是真实戏剧上演之处。一夜，玛戈·钱宁在化妆间接待了一位不速之客——她最狂热的崇拜者，那位羞怯而天真的伊芙·哈灵顿。然而当伊芙逐渐渗透进玛戈的生活，这位百老汇传奇很快意识到，这位所谓的仰慕者正企图利用她与身边所有人——包括乔治·桑德斯饰演的毒舌评论家——作为自己迈向星途的垫脚石。凭借曼凯维茨如手术刀般锋利的对白与执导，以及戴维斯凭此片重振并定义其演艺生涯的难忘表演，这部荣获多项奥斯卡奖的影片，成为影史对演艺界残酷法则最精妙绝伦的无情剖析。
扎克·施奈德版正义联盟,2021,2021-05-03,动作、冒险、奇幻,242,81,英语,扎克·施奈德,克里斯·特里奥,本·阿弗莱克、亨利·卡维尔、盖尔·加朵、雷·费舍尔、杰森·莫玛、埃兹拉·米勒、塞伦·希德、艾米·亚当斯、威廉·达福,正义再次集结,为了确保超人没有白白牺牲，蝙蝠侠和神奇女侠计划招募一支超人类团队来保护世界。这项任务比布鲁斯的设想要困难得多，因为每个新人都必须面对并跨越自己过去的心魔，团结起来，最终形成前所未有的联盟，否则就无法阻止从荒原狼、狄萨德和达克赛德毁灭地球。
看不见的客人,2017,2017-09-15,剧情、悬疑、惊悚,107,81,西班牙语,奥里奥尔·保罗,奥里奥尔·保罗,马里奥·卡萨斯、阿娜·瓦格纳、何塞·科罗纳多、巴巴拉·莱涅、弗兰塞斯克·奥雷利亚、帕科·图斯、大卫·塞尔瓦斯、伊尼戈·加斯特西、San Yélamos,每件事都有两面性，而真相只有一个。,事业有成、已有妻女的高科技企业家艾德里安·多利亚在一间从内部反锁的酒店房间里醒来，发现情人劳拉已经死在身旁，而现场没有任何其他人出入的迹象，他也因此成为案件的唯一嫌疑人。获准保释后，艾德里安请来经验丰富的律师弗吉尼亚·古德曼为自己准备辩护，而控方突然出现的新证人让他们只剩下几个小时重新梳理案情。随着弗吉尼亚不断追问，艾德里安开始讲述自己与劳拉的关系，以及数月前两人卷入的一场致命车祸。然而，他所讲述的每一个细节都可能影响案件的真相，一桩看似无解的密室谋杀，也逐渐与另一桩死亡联系在一起……
德州巴黎,1984,2024-07-28,剧情,147,81,英语,维姆·文德斯,,哈里·迪恩·斯坦顿、娜塔莎·金斯基、迪恩·斯托克韦尔、Hunter Carson、Aurore Clément、Bernhard Wicki、Sam Berry、Claresie Mobley、Viva,梦想启航之地。心碎疗愈之所。重拾碎片之处。,德国新电影先驱维姆·文德斯将他敏锐的风景观察力投向美国西南部，创作出这部由普利策奖获奖剧作家萨姆·谢泼德编剧、感人至深的角色研究。影片追踪沉默寡言的神秘流浪汉特拉维斯（演技精湛的哈利·迪恩·斯坦顿通 饰，他的面孔本身就是一片风景）试图与寄居洛杉矶弟弟家的幼子以及失踪的妻子重建联系。从这简单的设定出发，文德斯与谢泼德对男性气质的准则与美国家庭神话进行了有力的论述，同时也展开了一场对峡谷与霓虹构成的广阔而破碎世界的精致视觉探索。
野草莓,1957,1957-12-26,剧情,91,81,瑞典语,英格玛·伯格曼,英格玛·伯格曼,维克多·斯约斯特洛姆、比比·安德森、英格丽德·图林、甘纳尔·布耶恩施特兰德、朱兰·金达尔、福克·桑德奎斯特、比约恩·比耶尔夫文斯坦、奈玛·维夫斯特兰德、古内尔·布罗斯特勒姆,,为接受荣誉学位踏上旅程的伊萨克·博格教授——由资深电影人兼演员维克多·斯约斯特洛姆精湛演绎——被迫直面过往，与自身缺陷和解，并坦然接受生命终将逝去的必然。通过回溯与幻想、梦境与梦魇的交织，本片戏剧化地呈现了一位老者非凡的自我发现之旅。这部充满标志性意象、富含人性关怀的杰作，是英格玛·伯格曼最受赞誉、最具影响力的电影之一。[标准收藏公司]
你给的仇恨,2018,2018-10-19,犯罪、剧情,132,81,英语,小乔治·蒂尔曼,奥黛丽·威尔斯,阿曼德拉·斯坦伯格、雷吉娜·赫尔、罗素·霍恩斯比、K·J·阿帕、科曼、安东尼·麦凯、阿尔吉·史密斯、拉马尔·约翰逊、伊萨·雷,Two worlds. One voice. No going back.,斯塔尔·卡特不停地在两个世界之间切换：她所居住的贫穷、以黑人为主的社区，与她所就读的富裕、以白人为主的预科学校。这两个世界之间脆弱的平衡，在她亲眼目睹童年挚友卡里尔被一名警察开枪射杀后彻底崩塌。如今，面对来自社区各方的压力，她必须找到自己的声音，为正义挺身而出。[20世纪福克斯]
山椒大夫,1954,1954-03-31,剧情,124,81,日语,沟口健二,八寻不二、吉田喜重,田中绢代、Yoshiaki Hanayagi、香川京子、进藤英太郎、菅井一郎、Bontarō Miake、小园蓉子、浪花千荣子、Kikue Mōri,没有怜悯之心，人便与野兽无异。,当一位理想主义的官员违抗了当权的封建领主，他便遭流放，其妻儿只能自谋生路，并最终被恶毒的奴隶贩子强行拆散。在沟口健二璀璨夺目的执导下，这个经典的日本故事成为了电影史上最伟大的杰作之一，它是一部纪念碑式的、充满同理心的史诗，深刻表达了人类在邪恶面前的坚韧精神。[标准收藏]
一封关于父亲的信,2008,2008-10-31,纪录、犯罪,94,81,英语,Kurt Kuenne,,Kurt Kuenne、Andrew Bagby、David Bagby、Kathleen Bagby、Shirley Turner、Zachary Andrew Turner、Heather Arnold、Jon Atkinson、Bob Bagby,,本片是一部极具个人色彩的纪录片，深情而强烈地讲述了柯特挚友被谋杀的案件，以及随后发生的、令人难以置信的法律与情感疯狂。[Oscilloscope Pictures]
龙猫,1988,2018-12-14,奇幻、动画、家庭,86,81,日语,宫崎骏,宫崎骏,日高范子、坂本千夏、高木均、丝井重里、岛本须美、北林谷荣、雨笠利幸、丸山优子、广濑正志,让我们去见龙猫吧,小月和四岁的妹妹小梅随父亲搬到乡间生活，以便离因病住院的母亲更近。姐妹俩对新家和周围的一切充满好奇，也逐渐发现这里栖息着只有孩子才能看见的奇妙精灵。小梅在森林深处偶遇巨大而温和的龙猫，随后小月也与它成为朋友，并在龙猫和伙伴们的陪伴下经历了一连串不可思议的奇遇。可当母亲原定回家的计划因病情变化而取消，姐妹俩平静的生活也迎来了一场意外考验……
还有明天,2023,2025-03-08,剧情、喜剧、历史,118,81,意大利语,保拉·科泰莱西,保拉·科泰莱西、富里奥·安德烈奥蒂、朱莉娅·卡伦达,保拉·科泰莱西、瓦莱里奥·马斯坦德雷亚、罗马纳·马乔拉·韦尔加诺、埃马努埃拉·法内利、乔治·科兰杰利、维尼西奥·马尔基奥尼、阿莱西娅·巴雷拉、弗朗切斯科·森托拉姆、拉斐尔·瓦诺利,The Italian phenomenon.,1946年二战后的意大利，女性地位依旧低下。底层女性迪莉娅（宝拉·柯特莱西 饰），每日在丈夫的暴虐下和生活琐碎中艰难生存，唯有女儿玛塞拉、朋友玛丽莎和每日难得的自由踱步是她痛苦生活中的慰藉……这时，迪莉娅意外收到一封神秘信件，一场出逃即将改变一切……
猫猫的奇幻漂流,2024,2025-02-28,冒险、动画、家庭、奇幻,85,81,拉脱维亚语,金兹·兹巴洛迪斯,金兹·兹巴洛迪斯、马蒂斯·卡扎,,只要有猫在，就没什么好怕的！,这是一段关于友谊与生存的动人篇章，将独立动画的创作雄心与想象力推至令人惊叹的高度。这部荣获奥斯卡奖、风靡全球的作品，讲述了一只勇敢的猫在家园被大洪水摧毁后的故事。它与一只水豚、一只狐猴、一只小鸟和一只小狗结伴，共同驾驶小船寻找陆地。在这颗已然化为水世界的星球上，它们必须凭借信任、勇气与智慧渡过重重险境。凭借开源软件与小团队协作，富有远见的独立动画师金茨·齐尔巴洛迪斯营造了一场绝妙的感官之旅，深刻沉思了环境的脆弱与社群精神的真谛。
杀人回忆,2003,2003-04-25,犯罪、剧情、惊悚,131,81,朝鲜语,奉俊昊,,宋康昊、金相庆、金雷夏、宋在浩、边熙峰、高瑞熙、柳泰浩、朴努植、朴海日,他们中最坏的会永远留给你...,在其突破性的第二部作品中，奉俊昊以颠覆性的手法引爆了警察类型片的传统桎梏，带来了震撼且超越类型的成果。影片基于1980年代撼动韩国乡村社区的一连串真实连环杀人案改编，韩国电影标志性人物宋康昊饰演当地警官，他不得不与一位老练的首尔侦探联手调查此案——两人由此踏上一段长达数年、充满挫败与煎熬的艰苦历程，逐渐被推向存在的边缘。奉俊昊将扣人心弦的刑侦过程与军权统治下日常生活的荒诞社会图景生动结合，打造了一次深入黑暗的萦心之旅：它始于黑色喜剧的讽刺，终于与深渊那场灵魂破碎的遭遇。
血色将至,2007,2008-06-14,剧情,158,81,英语,保罗·托马斯·安德森,,丹尼尔·戴-刘易斯、保罗·达诺、凯文·J·奥康纳、塞伦·希德、Dillon Freasier、Hope Elizabeth Reeves、Colleen Foy、Barry Del Sherman、David Willis,21世纪最好的电影。,当丹尼尔·普莱恩维尤得知西部有个小镇正涌出石油如海的隐秘消息后，便带着儿子H.W.前往尘沙蔽日的小波士顿碰运气。在这片贫瘠土地上，唯一的喧腾围绕着魅力非凡的牧师以利·桑迪所主持的圣滚教教堂。普莱恩维尤父子虽幸运地挖出了油井，但随着财富喷涌，冲突亦日益加剧——爱、希望、信仰、野心、社区纽带，甚至父子亲情，所有人性价值都在腐败、欺骗与石油洪流的冲刷下面临崩解。
蜗牛回忆录,2024,2025-09-05,动画、喜剧、剧情,95,81,英语,亚当·艾略特,,莎拉·斯努克、柯蒂·斯密特-麦菲、杰基·韦佛、玛格达·苏班斯基、多米尼克·皮诺、托尼·阿姆斯特朗、保罗·卡普西斯、艾瑞克·巴纳、Bernie Clifford,"Life can only be understood backwards, but we have to live it forwards.",来自奥斯卡获奖动画师亚当·艾略特，这部苦乐参半的回忆录讲述了一位名叫格蕾丝·普德尔的忧郁女人的故事——她收集蜗牛、爱情小说和豚鼠。
特殊的一天,1977,1977-08-11,剧情、爱情,106,81,意大利语,埃托雷·斯科拉,埃托雷·斯科拉、鲁杰罗·马卡里、毛里齐奥·科斯坦佐,索菲亚·罗兰、马切洛·马斯楚安尼、约翰·弗农、Françoise Berd、Patrizia Basso、Tiziano De Persio、Maurizio Di Paolantonio、Antonio Garibaldi、Vittorio Guerrieri,一部关于两个特别之人的特别影片。,特殊的一天是指1938年5月6日，这天希特勒与墨索里尼在罗马进行所谓的“高峰会议”，整个罗马城里的电台日夜都在鼓吹法西斯的威力和成就，罗马全体居民都放假一天来到广场集合听讲话。中年妇女安东尼泰是个本分的家庭妇女，这天她因照顾孩子操忙家务而没有去参加集会，因而认识了新来的邻居，一个电台播音员。两人从不认识到互相攀谈，发展到激情和肉体交欢，都在短短一天内。就在他们分别后的晚上，播音员被法西斯带走，而安东尼泰则似乎重新找回了生活的激情。
欣德·拉贾布之声,2025,2025-09-10,剧情、历史,89,81,阿拉伯语,考瑟·本·哈尼亚,,Hind Rajab、莫塔兹·马利斯、Saja Kilani、Amer Hlehel、Clara Khoury、Nesbat Serhan、Ramy Brahem,电话里的声音是真实的。,讲述2024年1月29日5岁巴勒斯坦女孩欣德·拉贾布在以色列入侵加沙地带期间，于加沙地带被以色列国防军杀害的故事。
与神同行：罪与罚,2017,2017-12-20,动作、冒险、剧情、奇幻、惊悚,139,81,朝鲜语,金容华,金容华,河正宇、车太贤、朱智勋、金香起、李政宰、金东旭、芮秀贞、吴达洙、林元熙,命运在死后依然延续。,阴间有法，所有亡者在死后的49天内都要经过七次审判——分别在杀人狱、懒惰狱、欺骗狱、不义狱、背叛狱、暴力狱、天伦狱中进行，只有通过了七次审判宣告无罪的亡者，才有获得新生的机会。消防员金子洪在一场火灾当中为了救一名女孩而不幸牺牲。地狱使者解怨脉和德春出现在了金子洪的面前。尽管金子洪无法相信自己的死亡，却被德春一脸严肃地告知自己既是亡者、又是贵人。在通往地狱的入口，金子洪遇到了在初军门等着自己的另一位使者江林。他掌管着解怨脉和德春两位使者，同时也将在子洪即将接受的七次审判中为子洪进行辩护...
轮回,2011,2012-08-22,纪录,102,81,英语,罗恩·弗里克,,Ni Made Megahadi Pratiwi、Puti Sri Candra Dewi、Putu Dinda Pratika、Marcos Luna、Hiroshi Ishiguro、Olivier De Sagazan、Ladyboys of Cascade Bar、Kikumaru、Crisanto Neire,轮回,《轮回》是一场跨越25个国家的视觉之旅，Ron Fricke花费了5年之间捕捉每种文化中令人震撼的场面，试图建立人类与自然的桥梁。影片的名字“Samsara”来自藏语，Frricke希望借此诠释其独特的视觉风格。全片使用70mm胶片拍摄，才得以保证影像如此细腻丰富的质感 。Samsara是藏语，又叫做依业轮回，是表示生命流转循环的意思。编剧罗恩·弗里克和Mark Magidson用精彩的画面诠释了这一个深奥的词汇。揭示了大自然与我们生活的微妙关系。本片是曾以《天地玄黄》带来无言震撼的导演Ron Fricke时隔20年之后再出的新作。
街角的商店,1940,1940-01-12,喜剧、剧情、爱情,99,81,英语,恩斯特·刘别谦,萨姆森·拉斐尔森,玛格丽特·苏拉文、詹姆斯·斯图尔特、弗兰克·摩根、约瑟夫·希尔德克劳特、萨拉·哈登、费利克斯·布雷萨特、威廉·特雷西、伊内兹·考特尼、莎拉·爱德华兹,每个曾守候“盲约”的女孩或小伙子。,一家礼品店的两名店员在工作中水火不容，却浑然不知彼此正是对方那位渐生情愫的匿名笔友。
精英部队,2007,2008-06-14,剧情、动作、犯罪,115,81,葡萄牙语,何塞·帕迪里亚,何塞·帕迪里亚、罗德里戈·皮门特尔、布劳利奥·曼托瓦尼,瓦格纳·马拉、安德烈·拉米罗、卡约·容凯拉、米尔黑·考塔兹、费尔南达·马查多、玛丽亚·里贝罗、Paulo Vilela、Fernanda de Freitas、André Di Mauro,在里约的街上只有精英才能生存,时1997年，教皇即将来此视察，高层要求纳斯西蒙（Wagner Moura 饰）所率领的这支精英部队在最短时间内肃清贫民窟内的毒品链。厌倦刀光血影的纳斯西蒙将心思放在了妻子和尚未出世的婴儿身上，他将任务交给了两个热血且充满理想的年青人——内图（Caio Junqueira 饰）和马提阿斯（André Ramiro 饰）。他们俩都不满警察队伍的腐败，决心在精英部队中大展身手……
M就是凶手,1931,1931-05-11,剧情、惊悚、犯罪,110,81,德语,弗里茨·朗,弗里茨·朗、特娅·冯·哈堡,彼得·洛尔、艾伦·维德曼、英奇·兰奇特、奥托·维尔尼克、西奥多·卢斯、古斯塔夫·格伦德根斯、弗里德里希·格纳斯、弗里茨·奥德玛、保罗·坎普,谁是凶手？,柏林这些天连续发生了多起小女孩失踪事件，最后发现这些孩子都无一例外惨遭毒手。这个专门以小女孩为目标的凶手令到柏林城内人人惊恐，家长都不敢让自己的孩子外出玩耍；警察们更是在社会压力下全部出动，然而却一无所获；连黑道都感到压力了，因为警察们一天到晚找他们麻烦，大大影响了他们 的生意。于是黑白两道同时展开了抓拿凶手行动。 最终人们还是从一位卖气球的盲人小贩处获得线索，他曾经卖过气球给于凶手一同前来的小女孩，他根据凶手的口哨声认出了此人经常来买气球。聪明的小贩在凶手背后写了个字母“M”，于是警查们开始追寻这个凶手“M”（彼得•洛 Peter Lorre 饰）。
天佑鲍比,2009,2009-02-27,剧情、历史、电视电影,89,81,英语,拉塞尔·穆卡希,,西格妮·韦弗、亨利·车尔尼、瑞安·凯利、奥斯汀·尼科尔斯、卡莉·施罗德、斯科特·贝利、丽贝卡·路易丝·米勒、香农·伊根、Susan Ruttan,She loves everything about her son...except who he is.,本片根据真人真事改编。Bobby（瑞恩·凯利 Ryan Kelley 饰）是一个善良、虔诚的少年，有爱他的家人。但在他向家人坦白自己的性倾向后一切改变了。母亲Mary（西格妮·韦弗 Sigourney Weaver 饰）认为同性恋会下地狱的训诫，想尽办法矫正儿子。而Bobby的痛苦与日俱增。在满20岁生日前Bobby认识了开朗青年David，可Mary拒绝接受，并以有一个同性恋儿子为耻。Bobby伤心的离开家最后选择死亡来结束内心的折磨。他的死彻底唤醒了家人，尤其是Mary，她在无尽的悔恨中开始接触同性恋人群，参加PFLAG小组，与神职人员探讨圣经解释。在翻阅儿子的日记后，她开始直面自己认同儿子。失去儿子的母亲在倾盆大雨中失声痛哭，雨水和泪水将固执、偏见和不理解洗刷得一干二净。Mary此后将毕生投入到同志维权事业中，帮助那些和Bobby一样的少年。
被遗忘的人们,1950,1950-12-09,剧情、犯罪,82,81,西班牙语,路易斯·布努埃尔,路易斯·布努埃尔、路易斯·德拉维加,Estela Inda、Miguel Inclán、Alfonso Mejía、Roberto Cobo、Alma Delia Fuentes、Francisco Jambrina、Jesús García Navarro、Efraín Arauz、Sergio Virel,,一群少年犯在墨西哥城臭名昭著的贫民窟中过着暴力的生活，其中年轻的佩德罗（Pedro）的道德观逐渐被其他人腐蚀和摧毁。
叫我第一名,2008,2008-12-07,剧情,98,81,英语,彼得·维纳,,詹姆斯·沃尔克、特里特·威廉斯、多米尼克·斯科特·凯、莎拉·德鲁、凯瑟琳·约克、乔·克里斯特、帕特里夏·希顿、约翰尼·帕卡尔、查尔斯·亨利·怀森,"24 schools turned him down, 1 gave him a chance… The unforgettable story of a teacher determined to make a difference.","BoBo（詹姆斯•沃克 James Wolk 饰）患有先天性的妥瑞氏症，这种严重的痉挛疾病，导致他无法控制地扭动脖子和发出奇怪的声音。而这种怪异的行为，更是让他从小不被周围的人理解，在学校里老师经常批评他，同学们更是对他冷嘲热讽，就连他的父亲也对他失望透顶。只有他的母亲一直是他的坚实臂弯，母亲的坚持与鼓励，让他能够在正常人的生活里艰难前行。然而面对这个不能理解他的世界，BoBo一直在痛苦的漩涡里挣扎。直到在一次全校大会上校长在众人面前巧妙的让大家了解了BoBo的真实情况，让他有了成为一名关爱学生的教师的坚定梦想，即使因为这个病症让BoBo在寻求教师梦想的道路上遭到众人怀疑，屡屡受挫，但他始终坚持着自己的这份梦想, 为了找到一个愿意接受自己的学校，不抛弃梦想，不放弃信念，默默的努力。而他曾经曲折的人生道路在他的坚持下也开始慢慢好转…"
傲慢与偏见,2005,2026-04-16,剧情、爱情,129,81,英语,乔·赖特,黛博拉·莫盖茨,凯拉·奈特莉、马修·麦克费登、布兰达·布莱斯、裴淳华、凯瑞·穆里根、吉娜·马隆、妲露拉·莱莉、唐纳德·萨瑟兰、西蒙·伍兹,有时你最不愿与之相处的人，偏偏是你生命中不可或缺的存在。,根据简·奥斯汀同名小说改编。伊丽莎白·班纳特(凯拉·奈特丽 饰)出身于小地主家庭，有四个姐妹，母亲班纳特太太整天操心着为女儿物色称心如意的丈夫。新来的邻居宾格来先生和他的朋友达西（马修·麦克菲迪恩 饰）打破了她们一家人单调的乡村生活。宾格来和伊丽莎白的姐姐简·班纳特互生情愫；达西对善良聪明的伊丽莎白产生了好感，而伊丽莎白却对达西不可一世的傲慢心存偏见，不接受他的感情。然而，世事难料，宾格来和简·班纳特因为误会，关系危在旦夕；达西的种种作为，展示了性格中和伊丽莎白相同的善良一面，逐渐赢得了伊丽莎白的好感。两对有情人能否终成眷属？班纳特姐妹们能否得到自己想要的生活？
象人,1980,2026-04-16,剧情、历史,124,81,英语,大卫·林奇,大卫·林奇、克里斯托弗·德沃尔、埃里克·伯格伦,安东尼·霍普金斯、约翰·赫特、安妮·班克罗夫特、约翰·吉尔古德、温迪·希勒、弗雷迪·琼斯、迈克尔·埃尔菲克、汉娜·戈登、海伦·瑞安,一个关于勇气与人性尊严的真实故事。,在这部感人的第二部作品中，大卫·林奇将他那充满氛围感的视觉与听觉风格，带到了这个维多利亚时代英国广为人知的真实故事中。当伦敦外科医生弗雷德里克·特里维斯遇见畸形秀表演者约翰·梅里克时，后者患有严重的骨骼与软组织畸形，他以为此人必定智力低下。然而随着两人相处渐多，梅里克展现出隐藏于骇人外表之下的智慧、温柔本性与深邃尊严，他与特里维斯由此建立起友谊。影片以华丽的黑白影像拍摄，并拥有安妮·班克罗夫特、约翰·吉尔古德、温蒂·希勒等出色的配角阵容。本片荣获八项奥斯卡提名，巩固了林奇作为美国电影最具远见卓识的天才之一的声誉。[标准收藏]
三块广告牌,2017,2018-03-02,犯罪、剧情,115,81,英语,马丁·麦克唐纳,,弗兰西斯·麦克多蒙德、伍迪·哈里森、山姆·洛克威尔、艾比·考尼什、卢卡斯·赫奇斯、热利科·伊万内克、卡莱伯·兰德里·琼斯、克拉克·彼得斯、萨玛拉·维文,,本片是奥斯卡奖提名者马丁·麦克唐纳执导的一部黑色喜剧犯罪剧情片。在女儿遇害案悬置数月仍未破获后，米尔德丽德·海斯采取了一项大胆之举：她租下通往小镇路上的三块广告牌，牌上直指当地德高望重的警察局长比尔·威洛比的尖锐标语掀起轩然大波。而当威洛比麾下警员杰森·迪克森——一个沉迷酒精与暴力的不成熟妈宝男——卷入冲突后，米尔德丽德与埃宾镇执法部门之间的对抗愈演愈烈。[福克斯探照灯影业]
白蛇2：青蛇劫起,2021,2021-07-23,动画、奇幻、动作、冒险,131,81,汉语,黄家康,,唐小喜、张福正、魏超、赵铭洲、郑小璞、宋旭晨、邱秋、张碧玉、马程,Dependence arises from the previous life.,南宋末年，小白为救许仙水漫金山，终被法海压在雷峰塔下。小青则意外被法海打入诡异的修罗城幻境。几次危机中小青被神秘蒙面少年所救，小青带着出去救出小白的执念历经劫难与成长，同蒙面少年一起寻找离开的办法。
奇迹梦之队,2026,2026-03-14,动画、喜剧、家庭,100,80,英语,泰瑞·迪利,泰迪·赖利、艾伦·布克斯鲍姆,凯莱布·麦克劳克林、加布里埃尔·尤尼恩、斯蒂芬·库里、亚伦·皮埃尔、妮可拉·考夫兰、大卫·哈伯、尼克·克罗尔、詹妮弗·刘易斯、帕顿·奥斯瓦尔特,梦想从不因渺小而受限。,主角威尔是只梦想成为职业球手的小山羊，面对向来由猛兽主宰的凶险赛场，队友对他嗤之以鼻，他能否打破偏见，用实力证明小个子也能称霸球场？
与神同行2：因与缘,2018,2018-08-01,动作、冒险、奇幻、惊悚,141,80,朝鲜语,金容华,,河正宇、朱智勋、金香起、马东石、金东旭、李政宰、赵汉哲、林元熙、南一祐,揭开千年秘密。,三位阴间使者江林（河正宇 饰）、解怨脉（朱智勋 饰）、德春（金香起 饰）即将带领第49位「贵人」金秀鸿（金东旭 饰）进行地狱审判，他们同时发现人间有一位家神（马东锡 饰），试图把早该阳寿已尽的老人强留人间。阴间使者为了带走该名老人，开始与家神展开激烈决斗，而在这个过程之中，三位阴间使者千年以前的前世之谜也将被一一揭开…
隐藏人物,2016,2017-06-16,剧情、历史,127,80,英语,西奥多·梅尔菲,西奥多·梅尔菲、艾莉森·施罗德,塔拉吉·P·汉森、奥克塔维亚·斯宾瑟、加奈儿·梦奈、凯文·科斯特纳、克斯汀·邓斯特、吉姆·帕森斯、马赫沙拉·阿里、格伦·鲍威尔、阿丽亚娜·尼尔,在你所做的任务背后，认识你不认识的女人。,影片讲述1962年，汉森饰演的非裔美国数学家与斯宾瑟和梦奈两位“同事”组成智囊团，为宇航员约翰·格伦成功绕地球轨道飞行做出贡献。
天堂的孩子,1945,1945-03-22,剧情、爱情,190,80,法语,马塞尔·卡尔内,雅克·普雷维尔,Arletty、Jean-Louis Barrault、Pierre Brasseur、Marcel Herrand、María Casares、Louis Salou、Pierre Renoir、Jane Marken、Gaston Modot,终于来了！这部备受赞誉的法国电影。,这部被公认为法国影史瑰宝的杰作，将诗意现实主义推向了至臻之境。影片以灵动的笔触描绘十九世纪巴黎剧场风月界，在二战期间拍摄完成。故事围绕一位神秘女子展开，她被四个基于历史原型创作的男人所爱慕：一位演员、一名罪犯、一位伯爵，以及最令人心碎的角色——用浸透世代渴慕的表演撼动心灵的哑剧艺人。导演马塞尔·卡尔内与编剧雅克·普莱维尔以敏锐的洞察与戏剧激情，重现了这个充斥着江湖骗子与贵族、盗贼与名伶、掮客与先知的浮世绘。
新神榜：哪吒重生,2021,2021-02-06,动画、奇幻、动作,116,80,汉语,赵霁,,杨天翔、张赫、宣晓鸣、李诗萌、朱可儿、凌振赫、刘若班、张遥函、郭浩然,Rebirth of a hero,三千年前，天下动荡，人神共遇大劫，不想哪吒的一缕魂魄逃脱天罗地网，世世转世投胎，这一世与东海市酷爱机车的热血青年李云祥人神共生。然而龙族对哪吒恩怨并未善罢甘休，有着哪吒元神的李云祥，亦无法逃脱被龙族赶尽杀绝的宿命。东海危在旦夕，李云祥是否能够与哪吒元神并肩作战，成为抵抗龙族的英雄？东海市的子民能否得到拯救？
一条狗的使命2,2019,2019-05-17,家庭、冒险、剧情,108,80,英语,Gail Mancuso,W·布鲁斯·卡梅隆、华莱士·沃洛达尔斯基、玛雅·福布斯、凯瑟琳·迈克,玛格·海尔根伯格、贝蒂·吉尔平、刘宪华、凯瑟琳·普雷斯科特、丹尼斯·奎德、乔什·盖德、艾比·莱德·弗特森、Emma Volk、Ian Chen,一次新的旅程,小狗贝利延续使命，在主人伊森的嘱托下，通过不断的生命轮回， 执着守护伊森的孙女CJ，将伊森对孙女的爱与陪伴，当做最重要的使命和意义，最终帮助CJ收获幸福，再次回到主人伊森身边。
婚姻生活,1974,1974-10-28,剧情、爱情,169,80,瑞典语,英格玛·伯格曼,,丽芙·乌曼、厄兰·约瑟夫森、比比·安德森、简·马尔姆斯、古内尔·林德布洛姆、温彻·福斯、贝蒂尔·诺斯特伦、安妮塔·沃尔、罗萨娜·马里亚诺,,玛丽是律师，约翰是精神学讲师，二人结婚十余载，最初像一对恩爱的中产夫妻，与互相折磨的另一对夫妻成强烈对比。但后来他们自己的婚姻也出现了危机，各自分开发展。当他们再见面时，两人都惊异于对方的从容自信。
我的名字叫可汗,2010,2010-02-10,剧情、爱情,165,80,印地语,Karan Johar,Shibani Bathija,沙鲁克·汗、卡卓儿、Arjan Aujla、Jimmy Shergill、Sonya Jehan、查瑞娜·瓦哈布、阿达什·古拉夫、塔奈·切赫达、Yuvan Makar,"An ordinary man, an extraordinary journey... FOR LOVE.",信奉伊斯兰教的里兹瓦·罕（沙鲁克·罕 Shahrukh Khan 饰）从小患有阿斯伯格综合症，母亲去世后，他追随弟弟扎克尔（吉米·舍尔吉勒 Jimmy Shergill 饰）的脚步从印度孟买移民美国旧金山。里兹瓦在帮哥哥的化妆品公司推销美容产品时认识了经营发廊的单身母亲曼迪娅（卡卓尔 Kajol 饰）。里兹瓦不顾哥哥的反对执意与印度教的曼迪娅结为夫妇，一家人和谐美满。9.11恐怖袭击的发生使美国国内掀起了反对、歧视穆斯林教徒的风潮，里兹瓦与曼迪娅的发廊被迫关张，而曼迪娅的独子山姆（Yuvaan Makaar 饰）更是在一场由种族歧视引发的少年争斗中意外身亡。悲愤的曼迪娅将愤怒发泄在了里兹瓦的穆斯林姓氏“罕”上，说只有里兹瓦告诉美国人民及美国总统他的姓氏并非与恐怖分子相关，才会与他再次相见。就这样，执着的里兹瓦踏上了艰难的觐见总统之途……
2001太空漫游,1968,2016-04-22,科幻、悬疑、冒险,149,80,英语,斯坦利·库布里克,斯坦利·库布里克、亚瑟·克拉克,凯尔·杜拉、加里·洛克伍德、威廉·西尔维斯特、道格拉斯·雷恩、丹尼尔·里希特、伦纳德·罗西特、玛格丽特·提扎克、罗伯特·比蒂、肖恩·沙利文,终极之旅。,本片是一次通向未来的倒计时，一张指引人类命运的地图，一场对无限的求索。库布里克为开启这场未来之旅，先回溯至我们史前的猿类祖先时期，随即跨越数千年（通过电影史上一次极具震撼的跳接）来到已被殖民的太空，最终将宇航员鲍曼（凯尔·杜拉 饰）送入未知的星际领域，乃至可能抵达不朽之境。“打开分离舱门，哈尔。”让这场无与伦比、充满敬畏与奥秘的旅程就此启程。[华纳兄弟]
紫心之恋,2022,2022-07-29,爱情、剧情,122,80,英语,伊丽莎白·艾伦·罗森鲍姆,,索菲亚·卡尔森、尼古拉斯·加利齐纳、约翰·哈伦·金、乔森·雅各布、安东尼·伊波利托、林登·阿什比、Kat Cunning、尼古拉斯·迪韦奈、斯科特·德克特,,梦想成为音乐人的女孩和即将出征的海军陆战队员出于各自的需要同意形婚，但一场悲剧很快令他们虚假的关系变得真实起来。
HOMECOMING: A film by Beyoncé,2019,2019-04-17,纪录、音乐、电视电影,137,80,英语,碧昂丝,,碧昂丝、JAŸ-Z、凯莉·罗兰、Michelle Williams、Solange、布鲁·艾薇·卡特、Rumi Carter、Sir Carter、Tina Knowles,,碧昂丝柯契拉(Coachella)音乐节纪录片[归家：碧昂丝作品](Homecoming: A Film By Beyoncé，暂译)首曝繁体中字预告！该片将记录碧昂丝在柯契拉(Coachella)音乐节的台前幕后。影片将于4月17日登陆Netflix
我对你电影版：S先生的报仇,2020,2020-01-17,家庭、奇幻,64,80,意大利语,Gianluca Leuzzi,Sofia Scalia、Luigi Calagna、Andrea Boin、Emanuela Canonico,Sofia Scalia、Luigi Calagna、Antonella Carone、米歇尔·萨沃亚、Giustina Buonomo、Maria Protomastro、Fernando Di Virgilio、Paolo Di Caprio,,路易和索菲再次与可怕的S先生展开战斗，这一次他将向公众揭露真面目。
唯一的家园,2024,2025-06-16,纪录,92,80,阿拉伯语,Rachel Szor、Hamdan Ballal、Basel Adra、Yuval Abraham,,Basel Adra、Yuval Abraham、Farisa Abu Aram、Nasser Adra、Harun Abu Aram、Kifah Adara,,来自约旦河西岸马萨费尔亚塔的年轻巴勒斯坦活动家巴塞尔·阿德拉，自幼便为反抗以色列占领军对其社群的大规模驱逐而抗争。他持续记录家乡村落遭蚕食消亡的过程：以色列政府派遣的士兵逐步拆毁房屋，驱离居民。某个时刻，他结识了以色列记者尤瓦尔，后者支持他的抗争行动。一段看似不可能的同盟由此建立。但两人关系因彼此处境的巨大不平等而日益紧张：巴塞尔生活在军事占领下，尤瓦尔却享有自由无拘的生活。这部由四位年轻活动家组成的巴以集体创作的电影，是一次在追寻更大程度公正道路上的创作性抵抗。[柏林电影节]
福尔摩斯二世,1924,1924-04-17,动作、喜剧、悬疑,45,80,英语,巴斯特·基頓,克莱德·布鲁克曼,巴斯特·基頓、Kathryn McGuire、Joe Keaton、Erwin Connelly、Ward Crane、Doris Deane、Christine Francis、乔治·戴维斯、Kewpie Morgan,每一帧画面都充满了笑点！,影片的男主角基顿（巴斯特·基顿 Buster Keaton 饰）是一名乡村影院电影放映师，他喜欢阅读侦探类的书籍，经常幻想自己就是一名像福尔摩一样的大侦探。一天，他把价值一元的巧克力糖谎称四元送给女友凯莎琳（Kathryn McGuire 饰），不料被情敌趁机陷害，说基 顿偷了别人的手表拿去当才有钱买巧克力。凯莎琳相信了谗言，遂将基顿赶出门外，并取消了二人之间的婚约。基顿查访之后，发现情敌才是偷表典当的家伙，但却苦无证据洗清冤情。某日，基顿在放映电影时，发现银幕上的故事竟和他的遭遇同出一辙，而且人物也雷同，唯一不同的是电影中的故事发生在一个上流家庭而已。基顿边放映电影边沉溺在电影之中，于是走出放映室，从观众席走入银幕之中逮捕情敌罪犯。可是进入银幕后的基顿却四处碰壁，一筹莫展．随着场景的变化，银幕上的映象不断从幻想变成事实……
窃听风暴,2006,2006-03-23,剧情、惊悚,137,80,德语,弗洛里安·多纳斯马尔克,弗洛里安·多纳斯马尔克,玛蒂娜·戈黛特、乌尔里希·穆埃、塞巴斯蒂安·科赫、乌尔里希·图库尔、托马斯·席尔梅、汉斯-尤韦·鲍尔、沃克马·克莱纳特、马蒂亚斯·布伦纳、查理·哈纳,柏林墙没倒的时候，东德的秘密警察听过了你的秘密。,1984年的东柏林，东德国家安全机构“史塔西”以严密的监控维持着对社会的控制。忠于体制的秘密警察格尔德·维斯勒上尉奉命监听著名剧作家格奥尔格·德莱曼及其女友、演员克里斯塔-玛丽亚·西兰的一举一动，希望从他们的生活中找到足以定罪的证据。然而随着监听不断深入，维斯勒逐渐被这个完全不同于自己的人生世界所吸引。爱情、艺术、思想与自由开始动摇他曾经坚信的一切，而一次原本普通的监视任务，也逐渐演变成一场关于忠诚、良知与选择的危险考验……
雄狮,2016,2017-06-23,剧情,118,80,英语,加斯·戴维斯,卢克·戴维斯,戴夫·帕特尔、鲁妮·玛拉、大卫·文翰、妮可·基德曼、Sunny Pawar、阿布舍克·巴蒂、朴雅卡·鲍斯、迪维安·拉德瓦、迪普提·纳瓦尔,The search begins,萨罗 和妹妹、哥哥以及母亲过着相依为命的生活，虽然贫穷艰辛，但一家人在一起相互扶持，日子过得依然温暖而又充满了欢乐。一次偶然中，萨罗同哥哥在火车站走散了，误打误撞之中，萨罗登上了一列开往加尔各答的火车，在那里，萨罗成为了露宿街头的流浪儿，并最终被送进了收容所。
驯龙高手：重回家园,2019,2019-12-03,动画、奇幻、冒险、家庭,21,80,英语,蒂姆·约翰逊,,杰伊·巴鲁切尔、亚美莉卡·费雷拉、克雷格·弗格森、Madalyn Gonzalez、克里斯托弗·明茨-普拉斯、Liam Ferguson、扎卡里·珀尔曼、杰拉德·巴特勒、Justin Rupple,Family never leaves you.,故事发生在小嗝嗝与没牙仔分开的五年之后，博克岛一年一度的亲衣节又到了，然而随着小嗝嗝的孩子们的长大，对龙与人曾经那段真挚而深刻的友谊只能通过父母的言语来了解，不免产生了质疑，小嗝嗝为防止孩子们对龙的误解，又能想出怎样的妙招呢？
出租车司机,2017,2017-08-02,动作、剧情、历史,137,80,朝鲜语,张勋,,宋康昊、托马斯·克莱舒曼、柳海真、柳俊烈、朴赫权、崔贵华、车顺裴、申淡秀、柳圣贤,"Based on true events, an untold story of a taxi driver.",1980年5月，首尔出租车司机金万燮为了赚取一笔可观的车费，接下了一名德国记者前往光州的长途生意。起初并不了解情况的他，只想着在宵禁前赶回首尔，却发现通往光州的道路已被军队封锁。进入城中后，金万燮和记者亲眼目睹了当地发生的冲突与镇压，也逐渐意识到他们正在见证一场被外界隔绝的重大事件。面对不断升级的危险，坚持记录真相的记者不愿离开，而原本只想赚钱养家的金万燮，也不得不在自身安危与帮助他人之间作出选择……
灿烂人生,2003,2003-06-22,剧情、历史、爱情,367,80,意大利语,马可·图利欧·吉欧达纳,斯特凡诺·鲁利、桑德罗·佩特拉利亚,路易吉·洛·卡肖、阿莱西奥·博尼、阿德里娅娜·阿斯蒂、索尼娅·贝加马斯科、法布里西奥·纪福尼、玛雅·珊萨、瓦伦蒂娜·卡内卢蒂、杰丝敏·特丽卡、安德里亚·蒂多纳,The Possibilities Were Endless...,这部跨越四十载（从动荡的1960年代直至当代）的澎湃史诗，跟随一对意大利兄弟穿越意大利近代史上最跌宕起伏的历史事件。[米拉麦克斯]
罗生门,1950,1950-08-26,犯罪、剧情、悬疑,88,80,日语,黑泽明,黑泽明、桥本忍,三船敏郎、京町子、志村乔、森雅之、千秋实、上田吉二郎、本间文子、加东大介,丈夫，妻子……还是强盗？,这部引人入胜的心理惊悚片探讨真相的本质与正义的意义，被广泛视为影史最伟大的作品之一。四名当事人对一名男子的被杀及其妻子遭强奸的事件给出了截然不同的说法，导演黑泽明以极具冲击力的影像和巧妙的闪回手法呈现这段罗生门。这部雄辩的杰作在国际影坛引起轰动，革新了电影语言，并将日本电影——以及一位气场十足的新星，名为三船敏郎——带向了西方世界。[标准收藏]
